,Chhudaina Timro Mayale,Chudaina,Gurans Fulyo,Pahilo Junima,Parelima,Yo Mann Ta Mero Nepali Ho,Hindda Hinddai,Timi Bhayera,Abhimaan,Bachau,Khaseka Tara,Timi Bhane,Resham,Ghin Ghin Madal(Panche Baja),Ma Yesto Geet Gaunchhu-Duet,Harek Saas Sita,Khaali,Khula Aakash,Muskuraye,Sa Re Ga Ma Pa,Sabai Thikai Huncha,Tana Mann Bachanle,Aashish,Asaar,Deorali Darah,Junkeri,Neela Akash,Ram Sailee-Ode To My Father,WildFire(Dadhelo),Man Magan,Wora Para,Gajalu Ti Thula Thula,Timilai Ma Ke Bhanu,Baneko Chha Paharale,Bhok Lagyo,Ma Kasari Bhanu,Mero Topi,Nepali Nepalko,Chyangba Hai Chyangba,Ma Bhakta Hu Yo Desh,Kaha Hola Ghar,Dekhe Pachhi,Harsha Ko Geet,Aankhama,Raat Bityo,Sanjha Pakha,Timile Herda,Yaad Sanchi Samjhana,Yo Samjhine Maan Chha,Aanshu Ra Suskera Ka,Dharti Ko Chhati,Ghamma Pani Maya,Him Shrinkhalama,Nepali Hami,Sunsan Prakirti Ko,Timile Diyeka,Timile Jatinai Maya,Yo Chhoto Jeevan Ma,Hamro Nepalma,Hitaiko Maya,Kholai Khola,Saajha Ma Aunu (Maya ko Chino),Yesto Pani Hundo Raichha,Lekhideu Timro Nam,Aagya - Official,Bhumari,Daagbatti,Hey Bhagwan,Soch,Sagarsari Chokho Maya,Timilai Dekhera,Bigrau Jasto Lagchha,Bistarai,Pani Paryo,Timra Dui Aankhama,Akorinchhu,Daya Baya,Kahan Dekhi Kahan Samma,Malai Angali Deu,Paisa,Samarpan,Samjhanchu,Bujhideu,Chaar Dewar,Hera Na,Thamana Haat,Maya Meri Maya,Suna Suna Sundari (From Nango Gaun),Aansu Ko Artha,Fewa Talma Saili,Fulai Fula Dinchhau ki - Remake Version,Mangali,Nabheti Nabheti,Pilayo Sathile,Dashain Tihar,Kasham Ho Kasham,Pheri Tyo Din,Runna Bhanthe,Timi Royeko Pal,Chumera Sugandhi Phool,Je Chhau Timi,Kasari Bhanu,Timro Aankha,Bhanchhan Lognemanchhe,Jaba Sandhya Hunchha
Chhudaina Timro Mayale,0.9999999999999998,0.9993314712662607,0.9731823157534726,0.9877993265005329,0.9927394101323032,0.9851899033673924,0.9884874069467993,0.9868717214308779,0.9721885876105433,0.9684218959569273,0.9881484627531613,0.9850931876289318,0.9801897692204062,0.9829985874545409,0.9861052600335586,0.9820532671484686,0.9835547691030622,0.9602777795258557,0.9519702932791023,0.962735714321147,0.946844394984584,0.975220900917379,0.9770460459373621,0.9776642298088186,0.9752076837024546,0.9824041309826824,0.9663602759719202,0.9765965606397794,0.9751092321609911,0.9797172971138505,0.9700958327848822,0.9920465610266637,0.9589678663045211,0.9629233409750994,0.958998052512153,0.9817614687022745,0.9875851111334893,0.9900234883781273,0.9789845502814218,0.993845797177115,0.985415384719774,0.9793217919383905,0.9727525686887847,0.9678679588232859,0.966993522688444,0.976046618144184,0.9643195327049718,0.995946729979927,0.9805262315532308,0.9568104009335389,0.9169461219581656,0.9803895395099043,0.9683490780532689,0.9810849151446047,0.9755157753205148,0.929779722543776,0.9705638926231692,0.956261791445369,0.9686881211502052,0.9812715260852489,0.9850880746612711,0.9629594732497149,0.9714157274114241,0.9734345353712791,0.9725525631456884,0.9672815813876389,0.962005754847052,0.9710716145301937,0.9730573409767636,0.9835373526069369,0.9906139025058378,0.9553445495629557,0.9692933680083745,0.9953161655928517,0.9929542824527183,0.9825300324016562,0.9740317526577366,0.9582589578519537,0.9544131900179205,0.9825107213361786,0.9774082512677674,0.9811250050838983,0.9867358728290795,0.9799409502245607,0.9798892279706652,0.9851713148330935,0.9265402303430263,0.9688633432262176,0.9890861630052157,0.991967573906853,0.9839332789017192,0.9777516485215808,0.9590683404939712,0.9820351708147085,0.9886145555967267,0.9832532016830544,0.9571129609709649,0.9872038886486983,0.9879491829293934,0.9706863840728116,0.9837454929294602,0.9921145372524485,0.9583956617365306,0.96770302265408,0.9895473546554797
Chudaina,0.9993314712662607,1.0000000000000002,0.9719444210289979,0.9896750852888658,0.9927878246300116,0.9855230771011789,0.9878496985191704,0.9858297891071895,0.9755776479630721,0.9700460830455065,0.9879794672247639,0.9869890873990902,0.9814819963879904,0.9829827287739382,0.9879297724095973,0.9817214332160754,0.9851934272264046,0.9611331272150457,0.9535130683003165,0.961846993949527,0.9519546525267482,0.9767196451188729,0.9746916957863883,0.9764568712675514,0.971356429365718,0.9815102818771012,0.9626890659256188,0.9744178932126467,0.9715857224031397,0.9782843423324987,0.9632741751561016,0.989030539777299,0.9557393348389287,0.9535656373170939,0.9634681723605365,0.9793573785417365,0.9835038404704309,0.9877312609497481,0.9768418912465274,0.9947630902629744,0.9832541428596774,0.9761052508789753,0.9718556710331727,0.9637858237819646,0.9629237430620294,0.9741254362399329,0.963912722046286,0.9955620877099899,0.9797682982872716,0.9558261787741849,0.9103169546236596,0.9767927574313863,0.9696528335993753,0.977345190135847,0.9731525610884301,0.9235778964842324,0.9690992230828,0.9543606087261279,0.9671946664155112,0.980828571722364,0.9837297019967027,0.9612816072190513,0.9691492962672557,0.973283958015231,0.9694345824527759,0.9633120013170523,0.9572591131496232,0.9663366808828232,0.9696516726369083,0.985210536447656,0.9906996816938584,0.9582510231330501,0.9707988528922451,0.9934338522331762,0.9909675368253416,0.9836353804385829,0.9728134127851735,0.9577749290455969,0.9575670166952986,0.9809073319678697,0.9744951646326032,0.9807932792928421,0.981901963321636,0.9734818881823408,0.9807640118515829,0.983672087946782,0.9213100790348312,0.9670646750248642,0.9883240827615277,0.9922300612823083,0.9834316283603526,0.9778212012323116,0.9613397884937795,0.9863958155493094,0.9894683074702164,0.9826888483469627,0.9635564801568891,0.9905466979361648,0.9877991177123853,0.9660651646573376,0.9814294988880433,0.9885287912039802,0.9517997183612208,0.9699080160909357,0.9912931429554568
Gurans Fulyo,0.9731823157534726,0.9719444210289979,1.0000000000000002,0.9780140864136685,0.9744804053602665,0.9842660491435867,0.990723377525781,0.9692207648976379,0.9824493969459855,0.9743638291810421,0.9775560309927289,0.9770572452580258,0.984180435693324,0.9696035085693138,0.9749034230877323,0.9731269304437095,0.9687836995175622,0.9611384641902943,0.9640101676440466,0.9768410352983891,0.9529338608679088,0.9248123969091167,0.9875754212670865,0.9759890221405694,0.9864336099344543,0.988517093090153,0.9830910927621169,0.9835897597392858,0.9842540635937626,0.9787016199173064,0.9769201611655861,0.9784933402624367,0.9809985923026803,0.931188023088822,0.9363545697759681,0.9581956038720969,0.9451992899094805,0.9625114082719812,0.9619729268783629,0.9631089249336383,0.9848558286156003,0.9772813422542488,0.9806645349560793,0.972850331015159,0.9670419735495437,0.9744319140371835,0.9734111766710748,0.9799560484700235,0.9605468288732437,0.9806547834803907,0.9518579319731265,0.9726763618832132,0.9762710593377203,0.9406951634303163,0.9815317401208242,0.9654968090292471,0.9775864157743293,0.9690202008737584,0.9807182426435672,0.9739018516480754,0.9836589363609821,0.9750661281240053,0.9701353487139667,0.9731538623435307,0.9677167517305315,0.9776532546846253,0.9792273546455885,0.9769989230115431,0.9720190123026367,0.979786077138699,0.9896489064702835,0.9600109907711423,0.9715512150464152,0.980047113602768,0.9880654808458149,0.9853422826339894,0.9914714467205453,0.9879146210583406,0.9698049561789691,0.9883344705467717,0.9931124790896859,0.993593315460888,0.9752350846749933,0.9534205192049214,0.9712649569132275,0.9669211057115329,0.955348050360792,0.9740003391883516,0.9926912897376656,0.9729289742651148,0.9857088983151352,0.9757744648721097,0.9719419229277038,0.9580674529801402,0.9760867890510485,0.9879469449386055,0.964352546883751,0.970276669215671,0.9808313761545733,0.97388407539733,0.9823071242390934,0.9758908641447667,0.9674124526068898,0.9769109436880647,0.9713896887410762
Pahilo Junima,0.9877993265005329,0.9896750852888658,0.9780140864136685,1.0000000000000002,0.9805997969731557,0.9966023027973934,0.9904402075334662,0.9785143781560018,0.9912034405845994,0.9867933094440119,0.9905620441601992,0.9939856360742,0.9869641437324357,0.9847523507548352,0.9882330805999939,0.9838204402882174,0.9896494874969551,0.980785631625561,0.9689654900503508,0.9710115504250899,0.976458014225508,0.9560348216009908,0.9696860805844263,0.9699877333645486,0.9682883247374763,0.9747139488112359,0.954488586725192,0.9666953551230593,0.9637602068916213,0.980512343826734,0.9559761865791554,0.9720589328116244,0.9561828516219857,0.9244879866787113,0.9783773014738079,0.9628091998071802,0.95797903592563,0.9731218645828631,0.9775923617510102,0.9788194396582423,0.9868051297326701,0.979832141034992,0.9859856852808828,0.9641613546847,0.9592443009339665,0.9714675516194621,0.9599120786687936,0.9920752304700015,0.9651011812065322,0.969131825372363,0.9144970709962011,0.9741731645948956,0.9823960540786361,0.949812944952865,0.9714147183692305,0.9326480047744438,0.9769697187630386,0.9663481567875307,0.9620139541882236,0.9779186363102158,0.9782911728629295,0.9535090251966366,0.9577156657658775,0.9816563956402504,0.9774083416960424,0.9702732779881581,0.9659604674068322,0.969308486584245,0.9752362061742152,0.987042761391135,0.9889150109375395,0.9600672572585774,0.9714119388195066,0.9826302797647385,0.9835114199717289,0.9940014708637444,0.9873395277913496,0.9763922103579027,0.9749327689163843,0.9847968240443858,0.9778822160804265,0.9853996163636999,0.973417758007544,0.9569381566077005,0.9750246430434294,0.978753875738489,0.9199575708168984,0.970444182813694,0.9872893238573249,0.981980383462168,0.9817368818143274,0.9738655664466238,0.9612115773633503,0.9849983399551857,0.9808898723108653,0.9844976674353374,0.9763670473760307,0.993477526332245,0.9902380692441456,0.9617400233755563,0.9730987891487921,0.9735826738409056,0.9390254927652845,0.9793295872321021,0.9891537303567582
Parelima,0.9927394101323032,0.9927878246300116,0.9744804053602665,0.9805997969731557,1.0000000000000002,0.9773356310687481,0.9808793110060475,0.9752505858516111,0.9700292196446441,0.9543503244318264,0.9733290946528234,0.973214520176099,0.9740578208472448,0.9690909031266699,0.9780179924835719,0.9644798380171936,0.9685936278075516,0.9406814275492844,0.9368442466816813,0.9472576676165381,0.9354015127316673,0.9613178823917282,0.9688008567265269,0.9617915155297153,0.9638977167325231,0.9796193420742835,0.9579914147742093,0.9674415385251816,0.9672024514688576,0.9658319731702483,0.9597444264193817,0.9853475464173246,0.9464820717174651,0.947704695260178,0.9488181280358498,0.9666738634356046,0.9753413939657098,0.9751775650381155,0.9636846135095767,0.992382594213778,0.9749512491167559,0.9742262838847082,0.9563533298427034,0.9489946772966007,0.9429260495624036,0.9575310608478044,0.9518099937013322,0.9848995751249872,0.9641299150382744,0.9405681636677224,0.8956979979387613,0.9634379921698515,0.9521338004494876,0.9653091686131716,0.961037051371408,0.9098185448120271,0.9546535164164872,0.936981219484592,0.9604506157443913,0.963804635729399,0.9767002943285407,0.9523897546203673,0.9544672748738939,0.9561629875963646,0.9548289262515766,0.9477870489551663,0.9438665804615161,0.9516600549913711,0.9538205572046217,0.9747388382676564,0.9885951281853308,0.9390006958541539,0.9573694704923742,0.989413232826636,0.9893883005705395,0.9756404007518868,0.9691704679555768,0.9520976784032713,0.9543795697421226,0.9757258185708333,0.9701371006123014,0.974621718492046,0.971748468703742,0.9606230247828493,0.9603480018827969,0.9761300803039704,0.9045199708223041,0.9489389842302695,0.9836598633810699,0.9821875572974244,0.9778578865825329,0.9613081389037396,0.9473603147765011,0.9758932896486693,0.9865798113881968,0.9764963926151226,0.9620242727252234,0.9855937920182094,0.9801794840371986,0.9514365401111876,0.972944577668738,0.9837409734247171,0.9424069052034824,0.9553487325747633,0.9866465367216507
Yo Mann Ta Mero Nepali Ho,0.9851899033673924,0.9855230771011789,0.9842660491435867,0.9966023027973934,0.9773356310687481,1.0000000000000002,0.9946776266277574,0.984353041116242,0.9870486388915104,0.9860679585618797,0.9880503834154262,0.990516160784103,0.9891596764837141,0.9871835123694842,0.9871333726838606,0.9801090546605713,0.9865408853099538,0.9790694013800918,0.9664429926761947,0.9714230690259067,0.9712762046871686,0.9441131395806021,0.9722993684998246,0.9673456416739756,0.9726337804742775,0.9767357477485544,0.9593119626632154,0.9693554900862248,0.9681378988094403,0.9847578910541838,0.9674322768550865,0.9716574961348131,0.9611368561864029,0.9311664623830805,0.963800417786533,0.9598904307241471,0.9578499280818409,0.9688317879553832,0.9735528589369992,0.9763994064303866,0.9876864503793726,0.9781090109484658,0.9887882447308493,0.9663565820847121,0.9623456203259468,0.9714194954767198,0.9549879034671721,0.9904114856907243,0.9595227409682981,0.9706342536505479,0.9210833395001421,0.9765561562504954,0.980845200850031,0.9461241303811754,0.9713860626197688,0.9418926225992774,0.9759560450172021,0.9660929437993542,0.9693088672167001,0.9790502176114182,0.9835781686534263,0.9586387939950817,0.9576782836602061,0.9800571499230712,0.9811564928099592,0.9780258478016433,0.9738805226161087,0.9754628791240167,0.9801610611193016,0.984971579274923,0.9886722753437266,0.9560275894330683,0.972042892722961,0.9848708689946363,0.9865257884526977,0.9956264854618784,0.9896129565898498,0.9794945909762743,0.9763874897824267,0.9916802753811826,0.982739024021787,0.9876097671100776,0.980906456414532,0.9603701090727783,0.9744970107835325,0.9860272857481337,0.9287523335314899,0.9723926971538908,0.9903810557900078,0.9810151650646073,0.9846343043218996,0.9743892760463703,0.9596383081649964,0.9794741903516354,0.9828812792234812,0.9889424481033395,0.9744426152689357,0.988762065064389,0.9913315113617559,0.9658425388727413,0.9764431240046353,0.9761710067690859,0.9484342056186662,0.9740117494650381,0.9873823365420552
Hindda Hinddai,0.9884874069467993,0.9878496985191704,0.990723377525781,0.9904402075334662,0.9808793110060475,0.9946776266277574,0.9999999999999998,0.9893868613615956,0.9814559659557679,0.982684366859284,0.9876093198932536,0.9885894601923247,0.9903163613594069,0.988337187557594,0.9881251925648671,0.9839981671962653,0.9824982971052485,0.969881420638706,0.9683336319103562,0.9775151544113497,0.9629385880753084,0.9484135915043951,0.9871035831308191,0.9802357846238569,0.9859809448692464,0.9908370339984585,0.978924612431035,0.9864292235616925,0.9849706962806388,0.9877714985647157,0.9775901299549496,0.9833479945028641,0.9743200958483877,0.9455254622738302,0.9486121933266645,0.9683263205642918,0.9659405859202416,0.9755329266839096,0.9700944989367104,0.980447610929708,0.9919534676612726,0.9760624454190778,0.986103700559562,0.9751297566415732,0.974155488554951,0.9836664545279773,0.9707145249985655,0.9947900540352025,0.9711514048895257,0.9739557175238591,0.9389103828229454,0.9768716595956228,0.978069477455226,0.9592457677558573,0.9780242134818935,0.952961807562069,0.976880567106868,0.9650242346437395,0.9854489159077653,0.9880890141278933,0.9944811375308765,0.9788434461287834,0.9756648408255895,0.9767719748805369,0.9763899543484865,0.9802212158184721,0.9802893044437669,0.9824276576088058,0.97980143281881,0.9892775622292524,0.9939184695331271,0.9702954465672887,0.9824183261708803,0.9922200618565649,0.9947627614793728,0.9932591626908875,0.9882605770286909,0.981011513063414,0.975006451560336,0.993061031261533,0.9888342516665584,0.9923383502414974,0.9886494178989795,0.9667919890591485,0.9854421882752734,0.9865105539365847,0.9502046325751234,0.9811832739817401,0.9963433085101899,0.9892767252021754,0.9920424418246325,0.9862372780701183,0.9746012940673295,0.9772071258884258,0.9888912039638678,0.99309892459974,0.9710718371249296,0.9850704986655177,0.9896800103789902,0.9748866450283913,0.990134908004646,0.9865949739745932,0.9692327332129775,0.9787432310713882,0.9874285703330729
Timi Bhayera,0.9868717214308779,0.9858297891071895,0.9692207648976379,0.9785143781560018,0.9752505858516111,0.984353041116242,0.9893868613615956,1.0,0.963490692333959,0.9739080543316001,0.9811395060916622,0.9826191977798878,0.9874334169355324,0.9945532270669775,0.989887102738729,0.9770158141120999,0.9789637852670245,0.9596999677541475,0.9567696279751794,0.963260811182939,0.952373106088111,0.9540235969347776,0.9710269304523315,0.9678142622724181,0.9726853255148177,0.9773215892406216,0.9620700265495894,0.9758215566254808,0.9699794497015413,0.9886246780439973,0.9754834199599237,0.976330074352304,0.9563228960309655,0.9545345971309076,0.9361093529043164,0.9665050462090063,0.976841751554216,0.9752470932115588,0.9595936331980033,0.983259092812308,0.9827565541899618,0.9570054410380564,0.9745062814423499,0.9626134258972563,0.967903187790478,0.975133510087258,0.9517109149794691,0.9893824738310628,0.9646073245720923,0.9517873992944262,0.9154780691048595,0.9705880222245092,0.9650538865018012,0.9622141353673209,0.9617940702644487,0.9322724052219173,0.9607864861649404,0.9460988675098596,0.9798488661974825,0.9868265968263616,0.990744325993771,0.9701695438457074,0.966746785122591,0.966659983032584,0.9686563646371259,0.9686799983898835,0.9659439229454785,0.9717819130836765,0.9730637334855381,0.9828977569559529,0.9840042729621087,0.9600373544244036,0.9779796170545385,0.9903580240362527,0.989635464658655,0.9861808304518643,0.9692613046066019,0.9598000207788514,0.9626470328999456,0.9867880295188018,0.9716490848184793,0.9769821857327752,0.9905121173263736,0.9695635293384378,0.9827154176787527,0.9971707282550374,0.9385203151100571,0.973672462338883,0.9877215740339679,0.9942376886953661,0.9894422983983054,0.9841332747896893,0.9635616738148455,0.9837055145613287,0.9938279542891312,0.9864452215436622,0.9619328558474375,0.9832458734688364,0.9870610874406274,0.966450459768914,0.9859873036637736,0.9862359178370061,0.9627347478345333,0.9612462713943564,0.9879760175544036
Abhimaan,0.9721885876105433,0.9755776479630721,0.9824493969459855,0.9912034405845994,0.9700292196446441,0.9870486388915104,0.9814559659557679,0.963490692333959,1.0,0.9881281946239888,0.9858384686523092,0.9910873658196001,0.9877857621255991,0.9739534483867793,0.984023810310446,0.982282041111682,0.9866869110875387,0.9832037788022748,0.979845368709331,0.9796153616778692,0.9840063119583111,0.9362518425379918,0.9706815732261139,0.9708385671803957,0.9675466555248542,0.9713356256721551,0.9576304560288069,0.9646551843534803,0.9597098816396807,0.9758764077488301,0.9494596647550374,0.9627184572830226,0.9588721610644695,0.897628630650141,0.9757148069531448,0.9514819036667678,0.9332147148371785,0.9601216774536168,0.9691348299528384,0.9605161238570407,0.9807001577966766,0.9707088740895765,0.9869276427551431,0.9628776509467429,0.9564700654725415,0.9690214586514396,0.9682380932062121,0.9799143740263786,0.956408064613288,0.9789067374803363,0.927150728659653,0.9678005266548777,0.9902858457281937,0.9287800913920672,0.9746064267487803,0.9424911974381444,0.9790715862728941,0.9724563085023598,0.9595420588024502,0.9707283462537784,0.967485985711799,0.9531935088603924,0.957873882950266,0.9826856787898318,0.9706527947737694,0.9691877093353951,0.9657970731734415,0.9648155777569773,0.9708920956532717,0.9870604153998335,0.9870033959695341,0.965145290365716,0.9686966258386258,0.9663686812200254,0.9730635357846844,0.9924219337643868,0.9902556770380345,0.987550077178805,0.9787662774628187,0.9804706212100933,0.9804882120661718,0.9897975432841748,0.9572595169900893,0.937795033888322,0.971399705754288,0.9596662841515733,0.9303802058501877,0.9713172009864891,0.9846502937024626,0.9722580396303647,0.9799357444288188,0.9730397997773877,0.971394141347846,0.9778202611867776,0.9716510021875124,0.9823410768019416,0.982568106722202,0.98569384004998,0.984831180738131,0.961428763522799,0.9670206196973566,0.9594577099892969,0.9332877876698344,0.9878361692533724,0.9788319644537352
Bachau,0.9684218959569273,0.9700460830455065,0.9743638291810421,0.9867933094440119,0.9543503244318264,0.9860679585618797,0.982684366859284,0.9739080543316001,0.9881281946239888,1.0000000000000002,0.9901204217336503,0.9927723662713103,0.9927317408521941,0.9895548227034919,0.9890224866744587,0.9876207689375543,0.9854187349189486,0.9902806761771776,0.9868389196940351,0.9850077290493701,0.988093595001329,0.9335433460270548,0.9719600813326602,0.9742969842658736,0.9753905689172776,0.9720830431926782,0.9598262642463951,0.9736569175571149,0.9659933130972637,0.9906987674238739,0.9586817896796176,0.9610237678566663,0.9694489245311495,0.9077547884524049,0.9633187811295176,0.952023859081545,0.9362038000732605,0.9625361655618964,0.9654407979790732,0.9519876449069504,0.9889332152708131,0.9694946796010001,0.9916002554033965,0.9700837512836985,0.9724442313007489,0.9785813259052591,0.9650445717103753,0.9801122934681699,0.9618360081515065,0.9821679799284002,0.9399421681664246,0.9694745159787974,0.9922538309042794,0.9283620028257086,0.9724410400540184,0.9560650026555543,0.9816442810006146,0.9776070920595001,0.9716821360819903,0.9871623210921018,0.978391017450752,0.9651648865590178,0.9648956756575289,0.9893205222921352,0.971152761640135,0.9748779122824471,0.9749524521389158,0.9741232373203706,0.9755892036438911,0.9899318901455761,0.9803335084050088,0.9788592446221309,0.9855011536598772,0.9693087275588794,0.9742465073114256,0.9904878624779679,0.9889896030987639,0.9890145970209374,0.980013616943067,0.9849993269921449,0.9787510444604356,0.9866272620764948,0.9687538356187094,0.9475019241070916,0.9797165903030773,0.970220638976449,0.9486214321776153,0.9878963744287762,0.9847353449006735,0.9780959320725335,0.9852054481814685,0.9848793058570765,0.9777490638331657,0.9802340846255433,0.9745980334589714,0.9868309295355018,0.9707997012718274,0.9822756150633685,0.9885936305138957,0.9678999106471737,0.978035130078088,0.9664875210975792,0.9521427289590535,0.9902461836911238,0.9798135823799939
Khaseka Tara,0.9881484627531613,0.9879794672247639,0.9775560309927289,0.9905620441601992,0.9733290946528234,0.9880503834154262,0.9876093198932536,0.9811395060916622,0.9858384686523092,0.9901204217336503,0.9999999999999999,0.9967561982286719,0.9882030461856617,0.9876038846858589,0.9888948841941733,0.9966435723284975,0.9937511396239976,0.9877870562593759,0.9766316593501417,0.9834230757960896,0.9692627527107406,0.9661626870729891,0.9812868369755735,0.9894891045209967,0.9844727166229825,0.977883427034906,0.9719823935130739,0.9795319635026829,0.9751677344014561,0.9923036875849567,0.9747082064381773,0.9834345359248229,0.9740257148617529,0.9474068567019671,0.9741035026804331,0.9830391142778674,0.9705179839838491,0.9883194583753929,0.9899465625120291,0.9738046872427282,0.9938323217391467,0.9840899266401498,0.9932646598249908,0.9862762429730686,0.9851289171885674,0.9896289166958626,0.9773518234793468,0.9933654906589183,0.9832900378954456,0.9832647070079241,0.9468131362370314,0.9905547876890383,0.9910181944335432,0.9684919104681915,0.988390698238961,0.9589878533244153,0.9918861314745127,0.9858516578784565,0.9686593819742507,0.9900469369383991,0.9829673114010485,0.965466905259326,0.9765425541729273,0.995403017296671,0.9876273041439761,0.9858640652939842,0.9814168611950577,0.9862706374388636,0.9895863749250489,0.9889647441347225,0.9878623639353605,0.9723241725039766,0.9775230601734591,0.9851959495757158,0.9857093464655603,0.9905501682393177,0.9883458298935521,0.9799083850713333,0.9602372958420147,0.9860331132482906,0.9873339920614068,0.9904421807300849,0.984829160018244,0.9784537049626479,0.9877727917972808,0.9765679855524889,0.950151250305681,0.9883828167468102,0.9896221648123689,0.9887847850354213,0.9855739183590996,0.9883973832953569,0.9724211923602621,0.9800467278480803,0.9801084374249635,0.9875208251642823,0.9571938336588807,0.9843599701318789,0.9912124479436614,0.9855731377161203,0.9852882301835494,0.98376030830826,0.9642804092850306,0.9888376798118133,0.9834737648233719
Timi Bhane,0.9850931876289318,0.9869890873990902,0.9770572452580258,0.9939856360742,0.973214520176099,0.990516160784103,0.9885894601923247,0.9826191977798878,0.9910873658196001,0.9927723662713103,0.9967561982286719,1.0,0.9912662800948517,0.989274646996264,0.9925396582954102,0.993759458790812,0.9948338945304477,0.9877757031874506,0.9797141785995065,0.9808763990755637,0.9797267707720213,0.9645734474182573,0.974436620835114,0.9828092821576854,0.9759846749033249,0.9748459439640508,0.9629922930048344,0.9739885445851078,0.9662435405892689,0.989725507783652,0.9641628588559189,0.9738828139880359,0.9655388544370967,0.9312829210467393,0.9792147041325701,0.9749276212667303,0.9624365788674015,0.9807734595390343,0.9822861888026494,0.9758241724475005,0.9893590622732495,0.9754101269635913,0.9915650111899349,0.97668823637307,0.9746515429976501,0.983893047028631,0.9740891042181311,0.9930642294947198,0.9747565010031973,0.9791104525213553,0.9318525911984177,0.9816248778543416,0.9903275788941731,0.9578983904843832,0.9802546249274522,0.9470428050858571,0.9865534363263101,0.977447798072637,0.967080521163549,0.9871973258465168,0.9812411957149557,0.9612440221279138,0.968318856584457,0.990668785540585,0.9820061857377755,0.9777647881581751,0.9738826529954526,0.9774699431674571,0.9831158452492825,0.9901217360594728,0.9883222954575216,0.9734260307635578,0.9787886332689237,0.9824948938703774,0.9837802987156568,0.9956871669676156,0.9869846187428423,0.9796147651196712,0.9685283616490867,0.9839370595453302,0.9805394946971857,0.9882178567882696,0.9776765412091003,0.9633590676829027,0.9872972363077641,0.9780960765697162,0.9400748132508985,0.9824519666535486,0.9881445438969739,0.9893804017454567,0.9864878785106881,0.9875157156223069,0.9742637453668955,0.9876293551458595,0.983084849499854,0.9862929587884339,0.9709400721218664,0.9909901977562551,0.9908006134992043,0.9750334091079175,0.9802552335377874,0.9752494311059179,0.9503608019589038,0.988593527985784,0.9859028456337138
Resham,0.9801897692204062,0.9814819963879904,0.984180435693324,0.9869641437324357,0.9740578208472448,0.9891596764837141,0.9903163613594069,0.9874334169355324,0.9877857621255991,0.9927317408521941,0.9882030461856617,0.9912662800948517,1.0,0.9939327574889366,0.9951571782489846,0.9835279058896189,0.9833851755560279,0.9756706814129685,0.977380858061316,0.9797717394907131,0.9773055105029727,0.9415210755688362,0.9791744639296067,0.97476806910505,0.9794341573353748,0.984618362201402,0.9687467441094861,0.9820166368763819,0.9754725465031785,0.9940701821726787,0.9688125333577512,0.9746451665009287,0.9730010089079321,0.923258697281786,0.9527296884209554,0.9585042236498651,0.9516081973966267,0.9693625017891667,0.9612950436738625,0.9713392372153009,0.9902411337207438,0.9683872783665888,0.9858227304570076,0.967485688510499,0.9700344461430362,0.9784544660214112,0.9656142608277243,0.9861014930528013,0.9674484677671487,0.9753014049366378,0.9338200093846268,0.9710164845111383,0.9861036098139748,0.9403047506777142,0.9733037197128582,0.9501920466884521,0.9759494047524552,0.9671004328879058,0.9852167726899215,0.9903641329837986,0.9891167385200677,0.9777069616359902,0.971465548217289,0.9831691353414284,0.9672167190568808,0.9723089727325176,0.9711056947451371,0.9717368858221622,0.9722141054018488,0.9943716357582691,0.9901688609621776,0.97757311401555,0.9902370537519268,0.9826170656086811,0.9877300771623407,0.9938497304480951,0.9870244069200435,0.9857186340207189,0.9842486579455825,0.9922756233256994,0.9830673428158745,0.9912289452354365,0.9775515219616824,0.9538025771480125,0.9839301038771542,0.9844400983160813,0.9494425595413046,0.9843024201733966,0.9947136522807093,0.9897375362944818,0.9946155410434455,0.9890659251899193,0.9821192138864457,0.9886644200199396,0.9919527396838838,0.9936323197029091,0.9818074298353701,0.9894287011772568,0.9930237659910573,0.9681286896681134,0.9866596326017235,0.9795086011452426,0.9603177095884209,0.9854339430487974,0.9900617592508026
Ghin Ghin Madal(Panche Baja),0.9829985874545409,0.9829827287739382,0.9696035085693138,0.9847523507548352,0.9690909031266699,0.9871835123694842,0.988337187557594,0.9945532270669775,0.9739534483867793,0.9895548227034919,0.9876038846858589,0.989274646996264,0.9939327574889366,1.0000000000000002,0.995629130285815,0.9842040593166237,0.9843652805997174,0.9754356004812135,0.9736195646185527,0.97481476772357,0.9729177811287433,0.9474843758930743,0.9727897930802837,0.971062203657278,0.9756441005383449,0.978249159493747,0.9610642748242646,0.9785339118560727,0.9711803491584318,0.9939330540793079,0.9698544094323439,0.972691278752747,0.9621727179449102,0.9380143039910558,0.9476465297684299,0.9599660761021269,0.9637535402299287,0.9723649399600269,0.9611150885111641,0.972763272802478,0.9892252948095763,0.9641401601132021,0.9825454071732866,0.9645694623314088,0.9717068934750371,0.9779820915737706,0.9559820814663044,0.9880919201909875,0.9655147618111029,0.9629712306208984,0.9241364005769079,0.9697872428166285,0.9780380948109069,0.9491607386300897,0.9651252581361319,0.9411407682508496,0.9683740840787843,0.9578912272693205,0.9813412074035585,0.9922303872421072,0.9899125315159981,0.9719589827657714,0.9690906755417229,0.9776655546379033,0.9685674134632812,0.9702611349664186,0.9695787003998435,0.9732509016365852,0.9739238022977401,0.9910482381738833,0.9849440618614637,0.9724793237197936,0.9878055521480285,0.9849857328400071,0.9861808453435333,0.9895489951169018,0.9786391044321957,0.9731801144643765,0.9763509804928582,0.9900298833427683,0.9744801532031474,0.9818003274841153,0.9849827900023749,0.9631847080062352,0.983855840291469,0.9919745295417318,0.9437818694645234,0.9839427392723787,0.9892275543757015,0.9920437903842582,0.9926000978310943,0.9880127000948721,0.9726425321925156,0.9893148574569727,0.9908879625507805,0.9907494590249222,0.969040882949003,0.9879051055462096,0.993221772267672,0.966953230311039,0.9873043648282194,0.9832461926295887,0.9619486348737549,0.9747925818576614,0.9910288651638995
Ma Yesto Geet Gaunchhu-Duet,0.9861052600335586,0.9879297724095973,0.9749034230877323,0.9882330805999939,0.9780179924835719,0.9871333726838606,0.9881251925648671,0.989887102738729,0.984023810310446,0.9890224866744587,0.9888948841941733,0.9925396582954102,0.9951571782489846,0.995629130285815,1.0000000000000002,0.9862355192833264,0.99053373625124,0.9778721192821574,0.9799755888230763,0.9787820200121627,0.9803964114458139,0.9509963660145412,0.9761447342016831,0.975009723487482,0.974843669929754,0.9822750707537623,0.9634996182049295,0.9794337165625119,0.9710545437704161,0.9886825609936528,0.9645011747210853,0.9757248601229493,0.9581226154596283,0.9298410289109375,0.9558920140494993,0.9611102084814,0.962030471305251,0.9716525000670841,0.962220426906317,0.9773333141170791,0.9861048337362737,0.9657718240428911,0.9814789806924713,0.9601521085399292,0.9657918642497163,0.9753682171565026,0.9639275762976004,0.9887844531029545,0.9652476364083288,0.964155322574962,0.9192717694530662,0.9680213226664844,0.9824007079891374,0.949276053462641,0.9689460912125969,0.9355102465874879,0.9682604616326074,0.9569582223911512,0.9791010685442902,0.9878756773726789,0.9874126075817574,0.9689885403241411,0.9701690832310965,0.9775162603460635,0.9655582773246386,0.966420771767568,0.9646401005539563,0.968364596253028,0.9710856865319137,0.9960381361211647,0.9923877570064422,0.9745762747552779,0.9862948308351736,0.9844921320234242,0.9866823080727397,0.9919878449572918,0.9817918210358137,0.9760013066361143,0.9815464395636203,0.9907083129110184,0.9766516329936088,0.9870599520167511,0.9782447066992427,0.9565530960856327,0.9843091678325442,0.9858293516458096,0.9379357161360449,0.9807284690277527,0.9916824533765235,0.9920526989072644,0.995401173318492,0.9874749891129406,0.9784241967766928,0.9946734979111433,0.9923163744222312,0.9938101292718693,0.9802252171746006,0.9942018940510179,0.9967214127195255,0.965828486688446,0.9865390286591672,0.9817693282222819,0.9555756330582423,0.9794825769461882,0.9947160234079333
Harek Saas Sita,0.9820532671484686,0.9817214332160754,0.9731269304437095,0.9838204402882174,0.9644798380171936,0.9801090546605713,0.9839981671962653,0.9770158141120999,0.982282041111682,0.9876207689375543,0.9966435723284975,0.993759458790812,0.9835279058896189,0.9842040593166237,0.9862355192833264,1.0,0.9931298172384456,0.9879794612316908,0.9854888547152963,0.9912391436809233,0.9715278377772981,0.958353499041071,0.9845059262645136,0.99347138570199,0.9865315241169477,0.9767443839362089,0.9768891643373595,0.9818503352545361,0.9761622257536134,0.9875550734278754,0.9727888276115919,0.9799012871655625,0.9714492630750516,0.9437417244204873,0.9667666312421418,0.9783738255123755,0.964555816227594,0.9843806490337341,0.9844879167972299,0.9637650937801441,0.9912585360756108,0.974034382363735,0.9927291574159516,0.987824468614983,0.9893222291432195,0.9939738403847934,0.9853752157522975,0.9907541523217637,0.9796796694819259,0.9838742766765775,0.957234895676897,0.9854074800887458,0.991245091281541,0.9663105050213706,0.9886090378688619,0.963979929198692,0.9889342972131202,0.9832273606117714,0.9694954234475947,0.9889511555121756,0.9787758804243695,0.9686703587295304,0.9840408727889375,0.9899122630333252,0.9845971772557871,0.9861218662574427,0.9851484125833804,0.9891010796237365,0.9895578746436745,0.9895536911504091,0.9866729566809158,0.9782821255917988,0.9761705206122402,0.9776219859639348,0.9801598287996501,0.9873271267408807,0.9853591413011586,0.9809203295947302,0.9590191352104593,0.981456061737904,0.9862804951186521,0.9896707721341864,0.9817895420411464,0.973592693922542,0.9905833943178768,0.9672489651259448,0.9622882245058972,0.9924010254145398,0.9864767917987276,0.9862422937499259,0.9855166332527624,0.9914128184501171,0.979181668905142,0.9738663694762091,0.9729503865789422,0.9849419983685156,0.9530637571793813,0.9769051080214243,0.9866908547531964,0.9885960207636292,0.985998868601443,0.9794907226176461,0.967529391188174,0.9903415254531619,0.9768105598846711
Khaali,0.9835547691030622,0.9851934272264046,0.9687836995175622,0.9896494874969551,0.9685936278075516,0.9865408853099538,0.9824982971052485,0.9789637852670245,0.9866869110875387,0.9854187349189486,0.9937511396239976,0.9948338945304477,0.9833851755560279,0.9843652805997174,0.99053373625124,0.9931298172384456,1.0000000000000002,0.9911272415501892,0.9818799389215616,0.982419041073218,0.9790151317194137,0.9560174886763985,0.9716902990689742,0.9796810136656968,0.9711122947492077,0.9679312329051805,0.9591910061319917,0.9669477082849621,0.9605755031474073,0.9810575848774659,0.9622788828617017,0.9706578284009886,0.9502352828166792,0.9310192145042981,0.9736396395673339,0.969285918899447,0.9622387444561231,0.9749358587865783,0.9806938276196929,0.9696708572230431,0.9815956411766258,0.9678240600856002,0.9902144516903976,0.9702360877250203,0.9709931351178201,0.9781807666689368,0.9681848226308299,0.9883524536291175,0.9645276859608213,0.9713303518845119,0.9262556091858751,0.9795980064990699,0.9891959857999305,0.9569067090448553,0.9775855560680473,0.9405536151773234,0.978118216211071,0.9708676535104199,0.958139012280702,0.978823335854143,0.9726641300881572,0.9504297295348857,0.9666330746824714,0.9843513575812952,0.9840678813064502,0.9793085461957579,0.9728872383905149,0.9774926147643123,0.986156396617697,0.9883922578005763,0.987090339560825,0.9641153952480468,0.9668768352431505,0.9750254906718662,0.9755304619050843,0.9910981552343366,0.9823375228874706,0.973631606532358,0.9642083768696853,0.983360300657917,0.9783094506023677,0.9860278927721734,0.9754697104752397,0.9639124139513766,0.9828845744538018,0.9725787310487234,0.9349471122115697,0.9787388290810651,0.9833925111899056,0.9824753043602373,0.9828976167929134,0.9807230255984775,0.9672324906495708,0.9823092510553872,0.9746635901443186,0.9854447706534072,0.9660034300996114,0.985574897900312,0.9910582400031748,0.9756107175544179,0.9752211123864208,0.9720114210522061,0.9460344152187794,0.9800004128938504,0.9829366492992292
Khula Aakash,0.9602777795258557,0.9611331272150457,0.9611384641902943,0.980785631625561,0.9406814275492844,0.9790694013800918,0.969881420638706,0.9596999677541475,0.9832037788022748,0.9902806761771776,0.9877870562593759,0.9877757031874506,0.9756706814129685,0.9754356004812135,0.9778721192821574,0.9879794612316908,0.9911272415501892,0.9999999999999999,0.9873285766431632,0.9850070652831783,0.9843575430871346,0.9262131623209047,0.9610875460854589,0.9699657557554089,0.9657891191877787,0.9516597415839031,0.9485149388958029,0.9553681000494363,0.9491529662231815,0.9770150514454231,0.9545985049013609,0.949799083441577,0.9493070124776777,0.907052103309238,0.9693177649362926,0.9499807062042386,0.9328557970159027,0.9564830732259817,0.9742249360891612,0.9372371472946709,0.977615744546947,0.9651896315665243,0.9934059237310803,0.968934887540973,0.9689337494902558,0.9711747073608721,0.959057833770196,0.9718839471323764,0.9472249207241843,0.9780456951672244,0.9371740395613835,0.9729551622757506,0.9917769633593896,0.9273199446659386,0.9720413092491046,0.9531787657768196,0.9799276083589473,0.9796729406904451,0.9454485168412889,0.969855082362671,0.9580000666764465,0.937598924543482,0.9536573580865463,0.9864712331127387,0.9825217289933371,0.980648251183441,0.9770588671423722,0.9769231523245177,0.9849640962420747,0.9780296336209588,0.9716573502481594,0.9578968382916565,0.958739245252726,0.9542065667653925,0.9578405764996651,0.9838789288191627,0.9848997561128383,0.9808999610046634,0.9610728810744968,0.97630545228244,0.9743060059048761,0.9795230676426363,0.9622084185120676,0.9494863174308987,0.9685031497398957,0.9545265814112047,0.9381981049000756,0.9796086640109789,0.9710942444836053,0.9620694194264758,0.9711485774927273,0.9703795793105428,0.9584948670367118,0.9638938312513652,0.9525184217601347,0.9767324807438211,0.9515679985684654,0.9694130226841073,0.982476345644132,0.9716474277376762,0.9625278438215346,0.9533097181445772,0.9384715734321636,0.9794208578308258,0.9651716147315219
Muskuraye,0.9519702932791023,0.9535130683003165,0.9640101676440466,0.9689654900503508,0.9368442466816813,0.9664429926761947,0.9683336319103562,0.9567696279751794,0.979845368709331,0.9868389196940351,0.9766316593501417,0.9797141785995065,0.977380858061316,0.9736195646185527,0.9799755888230763,0.9854888547152963,0.9818799389215616,0.9873285766431632,1.0000000000000007,0.9953100914089286,0.9895357296059868,0.9066640528004367,0.971783198780442,0.9729019773758436,0.971383824731185,0.963849412751065,0.9617120513620747,0.9692181030952981,0.9599471541624085,0.9712061638697127,0.9494485540921079,0.9493549144534085,0.9528122301774122,0.8929067657902562,0.9434958225686496,0.9337746164464694,0.9178765605235907,0.9449416234264106,0.9484733743714928,0.9272729238735565,0.9740958982018086,0.9476821406760348,0.9839326143763559,0.9604597722085704,0.9674081397854198,0.9727655383404469,0.9721477160900931,0.9663890459971506,0.94136224093959,0.9760284834141022,0.9485338309871503,0.9541221558116666,0.9887539408114022,0.9140319672653756,0.9684825255501928,0.9573344031888558,0.9672968223148107,0.9645046015401544,0.963805421376228,0.9716641908783458,0.9607731966587848,0.958064778267948,0.9693535083741411,0.9714148613090612,0.9591688800884206,0.9689109465979955,0.9737358692902964,0.9705728718305255,0.9692115864298314,0.9857713844512555,0.9763467066279472,0.9753948618030981,0.9706288981516537,0.9477223490454885,0.9573937490989514,0.9789929636221449,0.9807356685912367,0.9865002375590999,0.9752947364721067,0.9745855292394199,0.9730832901039547,0.9819975200598101,0.9543369578276835,0.9300576694386726,0.973241674594864,0.9449429586882209,0.9590262873635061,0.9845400721773081,0.9741259767171392,0.9626214784727259,0.980764347418496,0.9787006538404238,0.9812140607635712,0.9626470495752253,0.9538676551698041,0.9795410137066978,0.961464838814154,0.9638305491740714,0.979047568398177,0.9672833311711981,0.9708238146051668,0.9517128948585822,0.9481355081073142,0.9831259487410954,0.9623571224640513
Sa Re Ga Ma Pa,0.962735714321147,0.961846993949527,0.9768410352983891,0.9710115504250899,0.9472576676165381,0.9714230690259067,0.9775151544113497,0.963260811182939,0.9796153616778692,0.9850077290493701,0.9834230757960896,0.9808763990755637,0.9797717394907131,0.97481476772357,0.9787820200121627,0.9912391436809233,0.982419041073218,0.9850070652831783,0.9953100914089286,1.0000000000000002,0.9761379138916584,0.9170542961473014,0.9867663673507805,0.9859557709424862,0.9872726759604591,0.9760301645446248,0.9807647514078831,0.982373670248019,0.9776187930640851,0.9788022851981409,0.9691478762212782,0.9678325883266942,0.9719504869111614,0.9202833802424564,0.9408776312444974,0.9517004466479716,0.9350970048561185,0.960718414067661,0.9621507817387582,0.937062888440815,0.9841055229315306,0.9619615227520742,0.990008662199266,0.9787167975340164,0.9836466760941001,0.9856482594805915,0.984273066826813,0.9752582496667664,0.9583204152694071,0.9871857579476351,0.9712649475710107,0.970956549888434,0.9917043763584862,0.9353475050308747,0.9846780579109857,0.9769875772073078,0.9796773566534087,0.9775844077891032,0.9745939589800611,0.9796658444172544,0.9710568456660319,0.9724875481283631,0.9846255247535539,0.9793123794082135,0.9713151854646715,0.9840872734347332,0.9883702241758131,0.9861932000154439,0.9812511119421027,0.9875002519131025,0.9830601250068919,0.9775544539679599,0.9737276095669265,0.9604878315610947,0.969810630485991,0.9809795004952174,0.9872669444271495,0.9914397081706005,0.969392641311728,0.9818292309058599,0.9878182192749039,0.9909695736891958,0.9700624126460338,0.9522155045467503,0.9811825346301043,0.9515680853814994,0.9771161849048956,0.9929125836156556,0.9837080613944498,0.9696411207958772,0.9854417938627151,0.9858122913400263,0.9849934345649377,0.9576021779387476,0.959351539573143,0.9851674697976875,0.9536655105558319,0.9613348320576749,0.9816509751212052,0.9846867317911728,0.9823537881252965,0.9672253048137592,0.9697712615114098,0.9873894859311259,0.9635396827490158
Sabai Thikai Huncha,0.946844394984584,0.9519546525267482,0.9529338608679088,0.976458014225508,0.9354015127316673,0.9712762046871686,0.9629385880753084,0.952373106088111,0.9840063119583111,0.988093595001329,0.9692627527107406,0.9797267707720213,0.9773055105029727,0.9729177811287433,0.9803964114458139,0.9715278377772981,0.9790151317194137,0.9843575430871346,0.9895357296059868,0.9761379138916584,0.9999999999999999,0.903698158215091,0.9481267836689713,0.9491189905487952,0.9456867100014172,0.9498237054795574,0.9301742384180683,0.9473502994247573,0.935784268721666,0.9627724748857633,0.9211799902616572,0.9296129493748865,0.9305795452465189,0.8591528054435131,0.9565266523003599,0.9143184063474451,0.9013491176643029,0.9293197246254464,0.9364849831188202,0.929263945975799,0.9630380140892818,0.938860317866129,0.9750903972129097,0.9341636995530104,0.938812466846353,0.9505939385260782,0.9463351653970115,0.9601170862500512,0.9250910739155778,0.9597322962046594,0.9043361011021559,0.9368371166478499,0.9821186961023763,0.8901417352127597,0.9462358716742831,0.9222522480555869,0.9532706337827578,0.9479212369837188,0.9484374143653823,0.9610275815792619,0.9510994746438621,0.9371052214572381,0.9412457072303698,0.9642705157222267,0.9463163518576839,0.9477008648060333,0.9486842824126597,0.9454384793337354,0.9512852639619747,0.9811735788833684,0.9683633058591411,0.9642109008708283,0.965966451478266,0.9399220551618216,0.9476092356733112,0.9798103757071249,0.9731257190014472,0.9763903562162135,0.9838266293773771,0.9675035303174262,0.954005151721436,0.9701578892711124,0.9360980106344735,0.9049781714073664,0.960079230572136,0.9463745892931048,0.9183783276109788,0.9651077771989328,0.9651555355936666,0.9555923698188256,0.9711656866740617,0.9636691840722859,0.9666551940970101,0.9741074842806464,0.9538363358381611,0.9714868013557083,0.9783308532297927,0.9745610067007479,0.9764535677436288,0.9375493180671578,0.9520619399610358,0.9347791184656071,0.9120576100078087,0.9747908720447488,0.9672859446142397
Tana Mann Bachanle,0.975220900917379,0.9767196451188729,0.9248123969091167,0.9560348216009908,0.9613178823917282,0.9441131395806021,0.9484135915043951,0.9540235969347776,0.9362518425379918,0.9335433460270548,0.9661626870729891,0.9645734474182573,0.9415210755688362,0.9474843758930743,0.9509963660145412,0.958353499041071,0.9560174886763985,0.9262131623209047,0.9066640528004367,0.9170542961473014,0.903698158215091,0.9999999999999998,0.9320788904879973,0.9577472181838974,0.9339414279568227,0.9374046975408786,0.922494820460298,0.9363507628720272,0.9276478203757371,0.9497958822705667,0.9265566540723683,0.9629063059290798,0.9284659718089922,0.9460977831401621,0.9614037871474828,0.9856937232370173,0.9787013991893031,0.9852858752525183,0.9699881107481391,0.9797198558719504,0.9493869808142589,0.949285353054572,0.9357550820054752,0.9479421176097432,0.9427627044390118,0.9532791816058219,0.9456593173613814,0.9723743373440311,0.9784660966005087,0.9267795728741239,0.8757493417576367,0.9621651050045077,0.9355963909018875,0.9831574443328729,0.9506669828957849,0.8865318596683579,0.9540933749264457,0.9364860605588374,0.9186445396077688,0.9549472437753003,0.9473943577907826,0.9195953900611784,0.9370891008052198,0.954918244412818,0.945439503800615,0.9283740362257407,0.9170676715070788,0.9332593352728367,0.9411759840888171,0.9422883497985988,0.9479566498222503,0.9279860682827334,0.9345490068556737,0.9689369245224196,0.9592827685894829,0.9464655148798797,0.9263661250818237,0.9041856422220458,0.8880775681263832,0.9285567388339955,0.9304556039395223,0.9363918552480219,0.9522890289444147,0.9618865478908829,0.9611767042521497,0.9501922075903905,0.8826071972140153,0.9322039432384176,0.9462731332604037,0.9718303984146157,0.9392993158133249,0.9530606611507569,0.9241026958050403,0.9595618349649861,0.9574625515978127,0.933346974114703,0.907491470362173,0.9585186182543769,0.9451823901133877,0.9425646734356885,0.9452825596242441,0.9569614718093804,0.9139181748816787,0.9424901133462087,0.9515214065683505
Aashish,0.9770460459373621,0.9746916957863883,0.9875754212670865,0.9696860805844263,0.9688008567265269,0.9722993684998246,0.9871035831308191,0.9710269304523315,0.9706815732261139,0.9719600813326602,0.9812868369755735,0.974436620835114,0.9791744639296067,0.9727897930802837,0.9761447342016831,0.9845059262645136,0.9716902990689742,0.9610875460854589,0.971783198780442,0.9867663673507805,0.9481267836689713,0.9320788904879973,0.9999999999999998,0.9918861636715851,0.9973719737045723,0.9951474749290691,0.9978634096897123,0.9969907338175966,0.9976985894440549,0.9798690229847873,0.9813812593457687,0.9892417666441935,0.983863273817426,0.9460649932138009,0.9251419660460053,0.9661922739383458,0.9557868853503443,0.9721176014031961,0.9630906268088334,0.9587387613504407,0.9889353174092046,0.9714595370040401,0.9788593445424016,0.982062698323754,0.9850493851374803,0.9902217122197365,0.9854361543455816,0.9824062783010395,0.9755546225682454,0.9785063517629349,0.9694850137250461,0.9726045279744208,0.9759860951881533,0.9588624300580314,0.9859696915031593,0.9711478006144002,0.9756002781452084,0.9692368551031061,0.988055547475956,0.9853589831174412,0.987718817497457,0.9892113843291737,0.9929359402781739,0.9723104255070618,0.9654307557770055,0.9805973167620424,0.9847507791045399,0.9863513088582965,0.9754195943342623,0.9867223302258935,0.989615523036296,0.9785580604535435,0.9797616987889146,0.9798992324622373,0.9860066449630415,0.9755367416421808,0.983606356381779,0.983000063041986,0.9627229687103065,0.9854463572334784,0.9943640984251622,0.9937955109040805,0.9816610876985825,0.9671455481048605,0.9835074236976217,0.9608727005403854,0.9756153910519169,0.9893172245395895,0.9920396149357867,0.979620417382574,0.9880830953801089,0.9875172584098246,0.9844459652178683,0.9562332360666319,0.9737499673106624,0.9892286855043853,0.9503362482312337,0.9635283434026316,0.9795859420027448,0.9849020196433119,0.9946916846487246,0.9871483274880997,0.9880893076825666,0.9826240279043382,0.9722486155635289
Asaar,0.9776642298088186,0.9764568712675514,0.9759890221405694,0.9699877333645486,0.9617915155297153,0.9673456416739756,0.9802357846238569,0.9678142622724181,0.9708385671803957,0.9742969842658736,0.9894891045209967,0.9828092821576854,0.97476806910505,0.971062203657278,0.975009723487482,0.99347138570199,0.9796810136656968,0.9699657557554089,0.9729019773758436,0.9859557709424862,0.9491189905487952,0.9577472181838974,0.9918861636715851,1.0000000000000002,0.992368773363996,0.9831421491419818,0.9896812725611227,0.989733419690969,0.9858620382175197,0.9813007722378138,0.9750075758606402,0.9867816507193157,0.9822194901539579,0.9501034853340103,0.9474503010487011,0.9839284903255162,0.9640608499267025,0.9850115668659807,0.9787046808742651,0.9606383482621019,0.9864345089317775,0.9717835210316639,0.9818415816698869,0.9909990136787985,0.9926766118866149,0.9963462192845731,0.9939319578865856,0.9853361888854653,0.9881951675681901,0.9841406828471972,0.9693438041248743,0.9828941324206382,0.9820826852810742,0.9733470470496889,0.9927057744867023,0.9703435002709774,0.9872937992174109,0.9816870789515856,0.9738813748777174,0.9875309507466603,0.9801231124816012,0.9780673632310081,0.9918299052464963,0.9838142311611708,0.9735810200162895,0.9823889788397243,0.9826547906562036,0.987404019283241,0.9814987719698716,0.9825202390436,0.9826494643193809,0.9808706746655657,0.9754244578211518,0.9775085646869209,0.9801889310570382,0.9744683177930233,0.9776329379246465,0.9744565170294051,0.9437998376201622,0.9741954988581425,0.9874528536842248,0.9880898110579603,0.9793063884165676,0.974762183892679,0.9911327015129419,0.9553920630435271,0.9724347337342231,0.9905720907536193,0.9843790277935607,0.9825975734243527,0.9805279968226626,0.9916687317245111,0.9828742855628401,0.9593962483535555,0.968244171189406,0.9799934585677236,0.9380486395512495,0.9629653499792843,0.9755222848018213,0.9914247845243296,0.9891970823290638,0.981609488990046,0.9798274267145439,0.9884909575282393,0.9659611089772012
Deorali Darah,0.9752076837024546,0.971356429365718,0.9864336099344543,0.9682883247374763,0.9638977167325231,0.9726337804742775,0.9859809448692464,0.9726853255148177,0.9675466555248542,0.9753905689172776,0.9844727166229825,0.9759846749033249,0.9794341573353748,0.9756441005383449,0.974843669929754,0.9865315241169477,0.9711122947492077,0.9657891191877787,0.971383824731185,0.9872726759604591,0.9456867100014172,0.9339414279568227,0.9973719737045723,0.992368773363996,0.9999999999999997,0.9905067219255348,0.9964421025004282,0.9960258719889226,0.9962026707378748,0.9861655535998081,0.9894192347864583,0.9884216002542344,0.9890345106133734,0.9562743336832011,0.927011893891996,0.971681194818376,0.9600439906639842,0.9763954697660059,0.9694811933644996,0.9555297406627375,0.9926088122160358,0.9773275168067452,0.9830509899429566,0.9894748479771375,0.9917788902985684,0.9927547934919901,0.9841938926189426,0.9822607006297666,0.9769327762138772,0.9829769613464407,0.9770688570709908,0.9803109904268631,0.9773698513146881,0.9613799079261839,0.9888858096413254,0.9810452288566434,0.9824381340946035,0.9774466840563092,0.9860580084736247,0.9874906816034968,0.9880294725298767,0.9865893176232065,0.9906788070210675,0.9785685845119153,0.9726578074502839,0.9866397675010607,0.9911048324841726,0.992452200087141,0.9820018152485104,0.9827215083712967,0.9857035692301582,0.974460916462084,0.9786237019586722,0.9812345918184245,0.986889147687687,0.9760496690860653,0.9860988772133803,0.9841324266416291,0.9561662890562728,0.9861173157289684,0.99554164039977,0.991910866598189,0.9873972935788651,0.9758154068103756,0.9823841439516793,0.9644534486251449,0.9806399299478398,0.9928311519292887,0.9906359493692789,0.9795813563570062,0.9873502443460865,0.98834597116364,0.9794578909385255,0.9530733612485273,0.9721087352431477,0.9881580808222535,0.9396004758114674,0.9604767343589633,0.9803047612594141,0.9913219337486967,0.9952782850950019,0.9885057579092179,0.9929358090954131,0.9816383862771136,0.9686007779000492
Junkeri,0.9824041309826824,0.9815102818771012,0.988517093090153,0.9747139488112359,0.9796193420742835,0.9767357477485544,0.9908370339984585,0.9773215892406216,0.9713356256721551,0.9720830431926782,0.977883427034906,0.9748459439640508,0.984618362201402,0.978249159493747,0.9822750707537623,0.9767443839362089,0.9679312329051805,0.9516597415839031,0.963849412751065,0.9760301645446248,0.9498237054795574,0.9374046975408786,0.9951474749290691,0.9831421491419818,0.9905067219255348,0.9999999999999999,0.989896055405214,0.9966028044404889,0.9959901984720261,0.9799927146665504,0.9732869784554233,0.9896832400302584,0.979786588348156,0.9403339656725666,0.9243156040442737,0.9612340722180931,0.9575325365469489,0.9699573430570857,0.9535003740479157,0.9713262932989627,0.9875312866072508,0.9708644797673714,0.9703648667862654,0.9681060700845471,0.9718721572053888,0.981370318724722,0.9760315814339549,0.9845355894166113,0.9745142175898226,0.9679757169127269,0.94659471329785,0.9635835135975206,0.969153847032169,0.9548862329070662,0.9759045512193225,0.9528666493006545,0.9664402955457324,0.9555078535612246,0.9931427180187751,0.9865239922194359,0.9939497370032724,0.990877580417554,0.9857687041080984,0.9664169149263185,0.9530512377925028,0.9663853724663273,0.9703841259667491,0.9728862659655365,0.962055590021291,0.9893602266095881,0.9922393352558154,0.9783802689954844,0.9872742369662063,0.9871248394678053,0.9919940986643829,0.9771773053304821,0.9802696154999884,0.9775621441595643,0.9724197257079488,0.9872414273140433,0.9873175423225304,0.9907564035592705,0.9793495087099565,0.959031941990008,0.9815267842430718,0.9710308298245394,0.9587545056537634,0.9813691329876036,0.9947712999734034,0.9848549151399655,0.9915989471635301,0.9858087139483659,0.9838569524056181,0.968967022425737,0.9856242242953496,0.9912525592666754,0.9640023158527334,0.9747634661813159,0.9828741753487271,0.9703603518193012,0.9950333809792746,0.9897082696067346,0.9801979301956144,0.9785148638210817,0.9825772761990476
Neela Akash,0.9663602759719202,0.9626890659256188,0.9830910927621169,0.954488586725192,0.9579914147742093,0.9593119626632154,0.978924612431035,0.9620700265495894,0.9576304560288069,0.9598262642463951,0.9719823935130739,0.9629922930048344,0.9687467441094861,0.9610642748242646,0.9634996182049295,0.9768891643373595,0.9591910061319917,0.9485149388958029,0.9617120513620747,0.9807647514078831,0.9301742384180683,0.922494820460298,0.9978634096897123,0.9896812725611227,0.9964421025004282,0.989896055405214,1.0,0.9946553419346762,0.9961484623654596,0.9730349254794807,0.9825276181209966,0.9849079541311,0.9839463687238781,0.947860716843048,0.9075035597185991,0.9637159241697056,0.9502632655182454,0.9663188579818115,0.955896507275209,0.9477285908060625,0.981723727211258,0.9629513393711726,0.9706140621522444,0.982191321201676,0.9848214832860248,0.9880366551117352,0.984136016626567,0.9730781256851967,0.9712301839498476,0.9743566033115949,0.9761339028112768,0.967981473352215,0.9658199938622524,0.9566342641743814,0.9828552817746201,0.9745310388550256,0.9706360420844998,0.9649612970656992,0.9840261921007989,0.9786217920240372,0.9818470339052905,0.9876808381832103,0.9911053030386794,0.963806373413594,0.9590062936707933,0.9777838035056422,0.9833814248998439,0.9846132359159522,0.9707202902242051,0.9755868012130506,0.9805610866742832,0.9721627229061928,0.9711862328805593,0.9726422944368374,0.9794995531048277,0.9644430476835458,0.9751727146002999,0.9758879617688727,0.9470218876782137,0.9765521083779277,0.9908624505216113,0.9871512792726043,0.9776076151307199,0.9647066815668608,0.9775867502087316,0.9499183456523531,0.9810612555875196,0.9847953919656103,0.9843756989253778,0.971621879516881,0.980031100315653,0.9826058903441003,0.9791587192968768,0.9396588559768463,0.9639860852378414,0.9806520001514636,0.9331079080404525,0.9476519707148409,0.9674434497011539,0.9847199223017427,0.9907553114897364,0.9818150649263137,0.9916623272629408,0.9747791999895825,0.958239864561181
Ram Sailee-Ode To My Father,0.9765965606397794,0.9744178932126467,0.9835897597392858,0.9666953551230593,0.9674415385251816,0.9693554900862248,0.9864292235616925,0.9758215566254808,0.9646551843534803,0.9736569175571149,0.9795319635026829,0.9739885445851078,0.9820166368763819,0.9785339118560727,0.9794337165625119,0.9818503352545361,0.9669477082849621,0.9553681000494363,0.9692181030952981,0.982373670248019,0.9473502994247573,0.9363507628720272,0.9969907338175966,0.989733419690969,0.9960258719889226,0.9966028044404889,0.9946553419346762,1.0000000000000002,0.9976382537039636,0.9838883841269561,0.9793614912741767,0.9887340047806354,0.9863087491410922,0.9475368353697385,0.9190118676765618,0.9659056893999568,0.957975374543146,0.9731035764413114,0.9555460982672705,0.9612553258820862,0.9890116941475879,0.9683888085072807,0.9732081200727316,0.9776770461511843,0.9842407048823375,0.9891052448235582,0.9828841586638577,0.9820982149409542,0.9783996021807104,0.9742303317733563,0.9638778377249765,0.9680734933452625,0.971868179823205,0.9581588521851606,0.9808823824902064,0.9672551045488247,0.9719345414030865,0.9634858377477207,0.9940874775198645,0.990804636676082,0.9927641006698037,0.9943398043798899,0.9927110540084474,0.9706019057448652,0.9560259314711893,0.9725509539260594,0.9783574582466015,0.9806746429798671,0.967591767268237,0.9871090852418095,0.986983087041224,0.9834541069135703,0.9885777187500111,0.9833074505545109,0.9886220978443625,0.9732778183418218,0.9785101044850839,0.9782948721527936,0.9633523258684685,0.9841411925752223,0.9879726684154606,0.9891100772993648,0.9825230050716999,0.9653746845515055,0.985880616152116,0.9666689630924467,0.975474024356021,0.9900427193003047,0.9916838041233927,0.9844063840724031,0.9908540338059643,0.9916327333415977,0.9877101606706435,0.9622562546441304,0.9797524425756154,0.9889211247730861,0.94957816028475,0.9654493403462647,0.9798448154354082,0.9802716583908233,0.9981472659893703,0.9894839254785789,0.9905211734235744,0.9811062722890866,0.9742876743325305
WildFire(Dadhelo),0.9751092321609911,0.9715857224031397,0.9842540635937626,0.9637602068916213,0.9672024514688576,0.9681378988094403,0.9849706962806388,0.9699794497015413,0.9597098816396807,0.9659933130972637,0.9751677344014561,0.9662435405892689,0.9754725465031785,0.9711803491584318,0.9710545437704161,0.9761622257536134,0.9605755031474073,0.9491529662231815,0.9599471541624085,0.9776187930640851,0.935784268721666,0.9276478203757371,0.9976985894440549,0.9858620382175197,0.9962026707378748,0.9959901984720261,0.9961484623654596,0.9976382537039636,1.0,0.9783596228014166,0.9814026438739857,0.9898641562858961,0.9854568426251925,0.9504710485375469,0.9111236665631333,0.9621324866927813,0.9560236876981298,0.9696627565820981,0.9552308603108818,0.9573460361254843,0.9876871027632033,0.971303773816405,0.9703374006199074,0.9770786556268954,0.981626937000984,0.9855608751390185,0.9768729556824723,0.978590710944037,0.9748672125250487,0.9709282446455249,0.965593086964953,0.9673574984205892,0.965808184453091,0.9570798572315485,0.9794885236250557,0.9677221815578773,0.9687383004429958,0.9616387069366904,0.9905486994897197,0.9847768625320492,0.9898662708968408,0.9916806755524546,0.9901814811618865,0.9659008647805072,0.9564629373394754,0.9737818574177999,0.9793499465988843,0.9815579943140615,0.9670943941882904,0.9815207612406143,0.9845057382596183,0.9741846067678994,0.980590580211186,0.9814149718697476,0.9867040694492786,0.9677660039764316,0.9779445139315092,0.9763526967715934,0.9584677371462688,0.9833631911246067,0.9902061119792193,0.9878879652322565,0.982283703174056,0.9676869439058977,0.977921251015137,0.9621989085324362,0.972597796372456,0.9856569269270833,0.9897175303097264,0.9772281832852092,0.9851702050657973,0.9833944111772734,0.9786260811258553,0.9510618985536917,0.9735821523101071,0.9862645410758764,0.941792553727433,0.9583428828742687,0.9755373792206312,0.9790323407171924,0.995073932965792,0.989869608484469,0.9921130936778041,0.9748568545495622,0.9701276615265569
Man Magan,0.9797172971138505,0.9782843423324987,0.9787016199173064,0.980512343826734,0.9658319731702483,0.9847578910541838,0.9877714985647157,0.9886246780439973,0.9758764077488301,0.9906987674238739,0.9923036875849567,0.989725507783652,0.9940701821726787,0.9939330540793079,0.9886825609936528,0.9875550734278754,0.9810575848774659,0.9770150514454231,0.9712061638697127,0.9788022851981409,0.9627724748857633,0.9497958822705667,0.9798690229847873,0.9813007722378138,0.9861655535998081,0.9799927146665504,0.9730349254794807,0.9838883841269561,0.9783596228014166,1.0000000000000004,0.9818800768873824,0.9787339226557235,0.9812132533259171,0.9466381560086424,0.9494256347619118,0.9726858825502362,0.96400333258728,0.9798244163857647,0.9727942918849816,0.9677714831071622,0.9943699671322193,0.9745665191093845,0.9887231739309335,0.9822858375807502,0.9851185361858147,0.9872372296981023,0.9672376745556436,0.9867720714187259,0.9768192769348171,0.9791693240491403,0.9492948957224299,0.9831508852397118,0.9838262099543975,0.9554542356591985,0.9793885378722755,0.9639793189021786,0.984491540426122,0.9780294566114563,0.9822059817291102,0.9949875720752204,0.9904748538860624,0.9773884483311732,0.9750099166432725,0.9896734148960898,0.9777503917477003,0.9826358600323548,0.9811910044523937,0.9837457515822433,0.982856117923367,0.9867669805516631,0.9828110144936014,0.9743365652933377,0.9869861994014101,0.9855120507361101,0.9879730690634015,0.988350430904225,0.9847520177305724,0.9807941949005748,0.9649487598864807,0.9895815301426446,0.985081565878889,0.9872789957203567,0.988309111086234,0.9734707784081245,0.985952438491084,0.9855918206702643,0.9605578092454679,0.9907224460849167,0.9909866326077353,0.9903810783240985,0.9899616306329683,0.9915682744078541,0.9750898651041469,0.9784076239113,0.9867822991802957,0.9897098793947818,0.9567957532050694,0.979255992969149,0.9892915125473813,0.9811026533137285,0.9899797334292275,0.9852357691505721,0.9742224107746124,0.9828963103458124,0.9822350506231666
Wora Para,0.9700958327848822,0.9632741751561016,0.9769201611655861,0.9559761865791554,0.9597444264193817,0.9674322768550865,0.9775901299549496,0.9754834199599237,0.9494596647550374,0.9586817896796176,0.9747082064381773,0.9641628588559189,0.9688125333577512,0.9698544094323439,0.9645011747210853,0.9727888276115919,0.9622788828617017,0.9545985049013609,0.9494485540921079,0.9691478762212782,0.9211799902616572,0.9265566540723683,0.9813812593457687,0.9750075758606402,0.9894192347864583,0.9732869784554233,0.9825276181209966,0.9793614912741767,0.9814026438739857,0.9818800768873824,0.9999999999999999,0.980623167068414,0.9727412212401798,0.975440376083826,0.911247528974698,0.9703391695778838,0.9699634117795993,0.9714376345046158,0.9676439039123353,0.9540679853948197,0.9827927369759114,0.9708126037736025,0.9752458838356594,0.9827543713583251,0.9825493072289775,0.978656346750959,0.959925666687734,0.9736352118492481,0.9594131611293113,0.9645686500356759,0.9610413774037566,0.9822379942955362,0.9596698603834605,0.9626391338563832,0.976851435395067,0.9712803754610673,0.9710623355857557,0.9646961504271365,0.971264380379989,0.9729884728510235,0.9799495399573458,0.9663455928810962,0.970639287519772,0.966856282438179,0.9778906410783352,0.9862452398985224,0.9873622215367932,0.989971081843926,0.9846685814061391,0.9641470644175638,0.9749630868406854,0.9412371093227858,0.9558095617714178,0.9795308008996094,0.9828882559492971,0.9694060705241576,0.9762380190739783,0.9671897878186225,0.9348010786794873,0.9829612645547975,0.9877844086060034,0.9786319082982511,0.9930738746949184,0.984551301278121,0.9654478783901399,0.971822799597117,0.9654483311777845,0.9769405328073532,0.9808477536261901,0.9721866798883838,0.9781098181150263,0.9725021352565776,0.9501271098894537,0.9399377977986085,0.9674381609989922,0.9798287316321145,0.9188067953170233,0.9496001922309214,0.9743377478745864,0.9882937341311925,0.98474177963991,0.9858783423434199,0.9873527375116332,0.9544826298153217,0.9596464541759752
Gajalu Ti Thula Thula,0.9920465610266637,0.989030539777299,0.9784933402624367,0.9720589328116244,0.9853475464173246,0.9716574961348131,0.9833479945028641,0.976330074352304,0.9627184572830226,0.9610237678566663,0.9834345359248229,0.9738828139880359,0.9746451665009287,0.972691278752747,0.9757248601229493,0.9799012871655625,0.9706578284009886,0.949799083441577,0.9493549144534085,0.9678325883266942,0.9296129493748865,0.9629063059290798,0.9892417666441935,0.9867816507193157,0.9884216002542344,0.9896832400302584,0.9849079541311,0.9887340047806354,0.9898641562858961,0.9787339226557235,0.980623167068414,1.0000000000000002,0.9769883797408297,0.9711368464553967,0.9364931936436504,0.9838778822872722,0.9826519818224445,0.9900950407892591,0.9744049956354666,0.9803014707064558,0.9865086948509068,0.9815155734088893,0.9683952888749212,0.9777997937567203,0.9785562668429271,0.9824758203457499,0.9761951831468462,0.9881485345995185,0.9872540041304312,0.965279284406026,0.9466919551810219,0.9819920562054093,0.9660101190297699,0.9823554925544717,0.9850985674138263,0.9526083427932326,0.9741788577225949,0.9635385498726633,0.9772022654864588,0.9822422231847122,0.9858351812951759,0.9769839657963661,0.9852266650764002,0.972679479180259,0.9658433807538289,0.9712888143011259,0.969661881232007,0.9773339118843309,0.9710015692020977,0.9794405205024459,0.9875188895347018,0.9602059209701294,0.9706893043229273,0.9917648110268241,0.9925196575989302,0.9706239386146388,0.9734837054428446,0.9623577731091911,0.9442473649106938,0.980086087594635,0.985499762793028,0.9838831378520845,0.987144141146098,0.9847215540900061,0.979266598679909,0.9716407358405769,0.9517170889161932,0.9761032598332489,0.9894661308758208,0.9862073379176725,0.982888829321606,0.9805212969698536,0.966484684475787,0.9637139471989022,0.9808417483644919,0.9820097934896053,0.9389860314394642,0.9693927627321858,0.9804532017136419,0.9815878175936965,0.9906309775944184,0.996332187741313,0.979995515232843,0.9701209965503347,0.9767461290027871
Timilai Ma Ke Bhanu,0.9589678663045211,0.9557393348389287,0.9809985923026803,0.9561828516219857,0.9464820717174651,0.9611368561864029,0.9743200958483877,0.9563228960309655,0.9588721610644695,0.9694489245311495,0.9740257148617529,0.9655388544370967,0.9730010089079321,0.9621727179449102,0.9581226154596283,0.9714492630750516,0.9502352828166792,0.9493070124776777,0.9528122301774122,0.9719504869111614,0.9305795452465189,0.9284659718089922,0.983863273817426,0.9822194901539579,0.9890345106133734,0.979786588348156,0.9839463687238781,0.9863087491410922,0.9854568426251925,0.9812132533259171,0.9727412212401798,0.9769883797408297,1.0000000000000002,0.9362529063157843,0.9208408588494518,0.9647528485371992,0.9396509182549699,0.9699094050111843,0.9582944807572805,0.9421979440797141,0.9832388823368131,0.9712516597908779,0.9720728836383273,0.9847465957622515,0.985009503057136,0.9833500037240998,0.979072903233993,0.9693745902223306,0.9794904253781324,0.987859657520603,0.9777660522121209,0.9747787175223893,0.9725497067332977,0.9446351665964035,0.9859038673349654,0.9842471028461777,0.9844239458753854,0.981238288641424,0.9804031121815365,0.9824938505460894,0.9775423126849486,0.9849587217779696,0.981316273543849,0.9793328483487982,0.9563190641712556,0.9746703605304442,0.9779077113853586,0.9773805071059211,0.964335360338365,0.9677870130566445,0.96729877001081,0.9703202389203363,0.9767648056241843,0.9695187172555563,0.9767350092119528,0.9632960288728915,0.9744020075625983,0.9765220093397008,0.9412104217505527,0.9696848055142112,0.9837136547359574,0.9802011593508785,0.9712926748084124,0.9611336408678088,0.9759182544475049,0.9507788540599603,0.9783852647871423,0.9836484439466071,0.9804060462653033,0.967654459030586,0.9720718239870711,0.9816125366495092,0.9751290538482386,0.9405406451399178,0.9607784868314377,0.97104396391422,0.9264392682223224,0.9445175638653779,0.9626707701077242,0.9802798544752753,0.9820022861859873,0.9726372079211569,0.9818338266654001,0.9799972853606637,0.9489507798530495
Baneko Chha Paharale,0.9629233409750994,0.9535656373170939,0.931188023088822,0.9244879866787113,0.947704695260178,0.9311664623830805,0.9455254622738302,0.9545345971309076,0.897628630650141,0.9077547884524049,0.9474068567019671,0.9312829210467393,0.923258697281786,0.9380143039910558,0.9298410289109375,0.9437417244204873,0.9310192145042981,0.907052103309238,0.8929067657902562,0.9202833802424564,0.8591528054435131,0.9460977831401621,0.9460649932138009,0.9501034853340103,0.9562743336832011,0.9403339656725666,0.947860716843048,0.9475368353697385,0.9504710485375469,0.9466381560086424,0.975440376083826,0.9711368464553967,0.9362529063157843,1.0000000000000007,0.8886504033199313,0.9737429412363704,0.9881570199729954,0.9731021025905562,0.9562933161974171,0.9530429792855795,0.9508715180043025,0.9516667301219689,0.9306518939101582,0.9573658719921588,0.9570284729914987,0.950600038522219,0.9317584416914416,0.9573568549951225,0.9526122287820102,0.9173761432179668,0.9171044296139816,0.9670176706953926,0.9118384052645129,0.983394235660072,0.9508489100018744,0.9255471086208731,0.939695182318809,0.9258133052074112,0.931038141096731,0.9430248353673404,0.9511578746060457,0.928057789455938,0.9448955590410124,0.9317165756356074,0.9516749535761896,0.9492811141430083,0.9471061259461893,0.9595492633778047,0.9546470596191113,0.9230647288148827,0.9424292203558937,0.8937109409544453,0.9135130310246036,0.9687845740535669,0.9634572731335862,0.9282324739902695,0.9282766909970617,0.9045373372857538,0.8698927421381417,0.9414083581626189,0.9469374399599938,0.9336153627633682,0.979407182860147,0.9894271810069643,0.9390696517256051,0.9530997778444238,0.9204113241258467,0.935831621204195,0.9456975840082086,0.9538786865258583,0.9413351246742091,0.9399390172384062,0.9010396906177738,0.9111735349958204,0.9416653809888276,0.9377804517621111,0.8584334561546647,0.9189888366197302,0.9405112461490783,0.9647769656405852,0.9569853756560757,0.9737457019424076,0.9618951768430016,0.9068592098979124,0.9295191394522815
Bhok Lagyo,0.958998052512153,0.9634681723605365,0.9363545697759681,0.9783773014738079,0.9488181280358498,0.963800417786533,0.9486121933266645,0.9361093529043164,0.9757148069531448,0.9633187811295176,0.9741035026804331,0.9792147041325701,0.9527296884209554,0.9476465297684299,0.9558920140494993,0.9667666312421418,0.9736396395673339,0.9693177649362926,0.9434958225686496,0.9408776312444974,0.9565266523003599,0.9614037871474828,0.9251419660460053,0.9474503010487011,0.927011893891996,0.9243156040442737,0.9075035597185991,0.9190118676765618,0.9111236665631333,0.9494256347619118,0.911247528974698,0.9364931936436504,0.9208408588494518,0.8886504033199313,0.9999999999999998,0.9543231680590394,0.9324753302312122,0.9600997365939086,0.9770342699280389,0.9513369141346211,0.9549719954062406,0.9592278221497006,0.9639065903252035,0.9459152711294508,0.9322304817775146,0.9451971546640294,0.9416819415754407,0.9653550005377682,0.9490528286484226,0.951188313140055,0.88174351031274,0.9600969177590359,0.966472999360313,0.9329368997851359,0.9527005471145571,0.8995007497835734,0.9685130402729246,0.9602544361342682,0.9024178111280561,0.9429600632201405,0.9289424459326551,0.8983318773189859,0.9187221003980004,0.9723646974923815,0.963410872640383,0.941825503852233,0.9310454277078591,0.937123210564594,0.9540194667274533,0.9517640439890981,0.9522576613291268,0.9268552496596469,0.9279630554712203,0.9447294854968918,0.943170517219942,0.9675917202297385,0.9573503181473111,0.9426331541873384,0.9253221375153221,0.9381705863795567,0.9411317144713107,0.9505301327800724,0.9316999208619434,0.9316008417954237,0.9469512457360889,0.9352181606016671,0.875314262800594,0.9368241641616146,0.946700403509153,0.9515904796976273,0.9384354298165932,0.942011075955422,0.9242688043191458,0.9615831361458532,0.9404664137254269,0.9395851771394438,0.9397821786110968,0.9689344922681287,0.9559900877551826,0.9370610453537926,0.9271386017069223,0.9300227180660489,0.8834108761919576,0.9625579736767707,0.9523348523004209
Ma Kasari Bhanu,0.9817614687022745,0.9793573785417365,0.9581956038720969,0.9628091998071802,0.9666738634356046,0.9598904307241471,0.9683263205642918,0.9665050462090063,0.9514819036667678,0.952023859081545,0.9830391142778674,0.9749276212667303,0.9585042236498651,0.9599660761021269,0.9611102084814,0.9783738255123755,0.969285918899447,0.9499807062042386,0.9337746164464694,0.9517004466479716,0.9143184063474451,0.9856937232370173,0.9661922739383458,0.9839284903255162,0.971681194818376,0.9612340722180931,0.9637159241697056,0.9659056893999568,0.9621324866927813,0.9726858825502362,0.9703391695778838,0.9838778822872722,0.9647528485371992,0.9737429412363704,0.9543231680590394,1.0,0.9869655756036839,0.9957533225476114,0.9882560772276417,0.9759470715394473,0.9732734262947449,0.9726658814267544,0.964874059201096,0.9829968621377223,0.9779049365494032,0.9799898934865172,0.9719751171344224,0.9827946951887688,0.98913937995268,0.9618218539210339,0.9350269587698893,0.989097469296121,0.9595600252989148,0.9929849831783875,0.9819203703056161,0.9430006294952415,0.9808933909023312,0.9701612573208328,0.9467146748106251,0.9725775923944345,0.9681479862517341,0.9486938944342236,0.9660707480011556,0.9765611433493862,0.9746250918018808,0.9693148519767513,0.9618591055513795,0.9728981866985662,0.974979939598579,0.9578655491911932,0.9670404058009445,0.9446455090475167,0.949665782564794,0.9820124184700453,0.977490517409785,0.9630696743995724,0.9576427800651723,0.9407515917300469,0.905075905967938,0.9572025600434475,0.9683992591628351,0.9657382925924268,0.9794792305561244,0.9881039622215451,0.9763892460748393,0.9608224843624414,0.9353185237696707,0.9638537696456635,0.9691441113452232,0.9798536010466737,0.9612743008946981,0.9731302012817412,0.9462530216299485,0.953457403839493,0.965129136494466,0.9594943553143367,0.9107132184715875,0.957704862547631,0.9631893447337566,0.9813824852289468,0.9716319161949158,0.9782710970082042,0.9592971912597364,0.9621918938776411,0.9568109879649697
Mero Topi,0.9875851111334893,0.9835038404704309,0.9451992899094805,0.95797903592563,0.9753413939657098,0.9578499280818409,0.9659405859202416,0.976841751554216,0.9332147148371785,0.9362038000732605,0.9705179839838491,0.9624365788674015,0.9516081973966267,0.9637535402299287,0.962030471305251,0.964555816227594,0.9622387444561231,0.9328557970159027,0.9178765605235907,0.9350970048561185,0.9013491176643029,0.9787013991893031,0.9557868853503443,0.9640608499267025,0.9600439906639842,0.9575325365469489,0.9502632655182454,0.957975374543146,0.9560236876981298,0.96400333258728,0.9699634117795993,0.9826519818224445,0.9396509182549699,0.9881570199729954,0.9324753302312122,0.9869655756036839,1.0000000000000004,0.9887285300194698,0.9723015877207866,0.9846142029415329,0.9656123944168784,0.9627101597207954,0.9487785345878497,0.9603032983824218,0.9598772506400002,0.9628484934782742,0.9457169771190076,0.9806458199850495,0.971367870825725,0.9296703969338942,0.9023765684279852,0.9755464641173797,0.9372345790126213,0.9936802834569154,0.9602291005844793,0.9141884649260449,0.9534226825419926,0.9366252964764709,0.94457916459214,0.9633441348647914,0.9683672601744433,0.9394183489355441,0.9545826997403224,0.9527583025557581,0.9633561983321591,0.9539066178510484,0.9471705135412826,0.961176949961606,0.9636872496091178,0.9528278096134624,0.966142160079622,0.9228577495029888,0.9400951995624893,0.9865596723715572,0.9793714226109846,0.9563342417228194,0.9447790613122716,0.9211950112502465,0.9052910754056834,0.9587443750387963,0.955658081062533,0.9529752864795172,0.9847192206938894,0.9893098117107085,0.9629276310757098,0.9751104326967059,0.912226182344735,0.9483113122561493,0.9653219369836603,0.9798249809498962,0.9618362561389012,0.9602179749631791,0.9266285045310315,0.9556733733221655,0.9707996939615774,0.9583376202292417,0.9079407063701594,0.9595430069527171,0.9651705891868967,0.9656242574131344,0.9691668630474843,0.9846353699992937,0.9537255766950277,0.9344659957085293,0.9642142912550128
Nepali Nepalko,0.9900234883781273,0.9877312609497481,0.9625114082719812,0.9731218645828631,0.9751775650381155,0.9688317879553832,0.9755329266839096,0.9752470932115588,0.9601216774536168,0.9625361655618964,0.9883194583753929,0.9807734595390343,0.9693625017891667,0.9723649399600269,0.9716525000670841,0.9843806490337341,0.9749358587865783,0.9564830732259817,0.9449416234264106,0.960718414067661,0.9293197246254464,0.9852858752525183,0.9721176014031961,0.9850115668659807,0.9763954697660059,0.9699573430570857,0.9663188579818115,0.9731035764413114,0.9696627565820981,0.9798244163857647,0.9714376345046158,0.9900950407892591,0.9699094050111843,0.9731021025905562,0.9600997365939086,0.9957533225476114,0.9887285300194698,1.0,0.9877460192001664,0.9810473870161031,0.9828151884487453,0.9783310172393052,0.970865677500473,0.9832455144598293,0.9810246746251172,0.9836746618122861,0.9746119046459496,0.9901354809433011,0.9927697308524983,0.9662776498269584,0.9385043850647066,0.990353924113689,0.9680312750480324,0.9909230931431519,0.9847809101239821,0.9468757161478147,0.9828786637050879,0.9716977500380451,0.9585555300249196,0.9810899301522278,0.9746194294218391,0.9598629074497133,0.9753213335984497,0.9810269519360041,0.9752534262156752,0.9709384386348509,0.9655014537204786,0.9756279514393454,0.9759104882664802,0.9701858579312271,0.9756990210272883,0.9537502072771237,0.9616213045141323,0.9871550082011453,0.9846076231406091,0.9708988896394469,0.965127186042236,0.9507073965584426,0.924624222106976,0.9663044555311129,0.9731259965079619,0.9722837550321123,0.984441039756535,0.9895481945589805,0.9817011139299509,0.9706363651094663,0.9415466775090152,0.9719937148777769,0.9783566960585787,0.9872078258145578,0.971731310394129,0.9796818615056281,0.9558308270585713,0.9659379202615795,0.974084964255722,0.9677302352743368,0.9258497085950226,0.9681318838160333,0.9735545572817877,0.9821003145082492,0.9788648935900205,0.9859342363097755,0.963262146206256,0.9695514449729997,0.9683971315854969
Chyangba Hai Chyangba,0.9789845502814218,0.9768418912465274,0.9619729268783629,0.9775923617510102,0.9636846135095767,0.9735528589369992,0.9700944989367104,0.9595936331980033,0.9691348299528384,0.9654407979790732,0.9899465625120291,0.9822861888026494,0.9612950436738625,0.9611150885111641,0.962220426906317,0.9844879167972299,0.9806938276196929,0.9742249360891612,0.9484733743714928,0.9621507817387582,0.9364849831188202,0.9699881107481391,0.9630906268088334,0.9787046808742651,0.9694811933644996,0.9535003740479157,0.955896507275209,0.9555460982672705,0.9552308603108818,0.9727942918849816,0.9676439039123353,0.9744049956354666,0.9582944807572805,0.9562933161974171,0.9770342699280389,0.9882560772276417,0.9723015877207866,0.9877460192001664,0.9999999999999999,0.9647473660718277,0.9793136993843592,0.9842744880834489,0.9815520877216651,0.9855718966705511,0.9751041088813099,0.9772762718631091,0.965557503797678,0.9825593508519024,0.9758741581615884,0.9715828273333434,0.9374516238124082,0.9934549415410555,0.973368150755543,0.9759023154558167,0.9836553776709727,0.948687532702861,0.989196790234346,0.9838042812941866,0.934585136780762,0.9661420413069505,0.9592015089037174,0.9339749153611774,0.9561137694289734,0.986455666262698,0.991980434243136,0.9811998892887287,0.972868294257507,0.9803442169246714,0.9879566375834075,0.961322105806002,0.9695912572082447,0.9377615974646255,0.9414746432048937,0.9732149838486654,0.9707772609598667,0.9735976595092062,0.9746929344484221,0.9579303041783922,0.9201519657481686,0.964140333363985,0.9761539680465278,0.972493474121357,0.9753403116031424,0.9835593724926577,0.9669222021973424,0.956840438879944,0.9276941421894943,0.9662153729960906,0.9693070969849612,0.9696520696304162,0.9588064185786468,0.9642569123966518,0.9379082127460897,0.9522044334655586,0.9553429093842121,0.9629059327012419,0.9209190273970573,0.9633128821915371,0.9703800806826489,0.9816564868834646,0.962658185767451,0.9697242831109318,0.9461553439274829,0.9687887998866236,0.9595673520708844
Ma Bhakta Hu Yo Desh,0.993845797177115,0.9947630902629744,0.9631089249336383,0.9788194396582423,0.992382594213778,0.9763994064303866,0.980447610929708,0.983259092812308,0.9605161238570407,0.9519876449069504,0.9738046872427282,0.9758241724475005,0.9713392372153009,0.972763272802478,0.9773333141170791,0.9637650937801441,0.9696708572230431,0.9372371472946709,0.9272729238735565,0.937062888440815,0.929263945975799,0.9797198558719504,0.9587387613504407,0.9606383482621019,0.9555297406627375,0.9713262932989627,0.9477285908060625,0.9612553258820862,0.9573460361254843,0.9677714831071622,0.9540679853948197,0.9803014707064558,0.9421979440797141,0.9530429792855795,0.9513369141346211,0.9759470715394473,0.9846142029415329,0.9810473870161031,0.9647473660718277,1.0,0.9692103555785807,0.963282528480868,0.9534696102238753,0.9485358044696346,0.9447246139362273,0.9590048115015353,0.9474802965454824,0.9882058645543408,0.9708544715530459,0.9353911574659253,0.8830678174907914,0.965396400757719,0.9480165452524557,0.9757571746523327,0.9565553843420076,0.8996976508717154,0.9537076936865866,0.9334751381675276,0.9568413618571366,0.9687164124449058,0.9778902477806911,0.9490535477906126,0.9506854537821836,0.95649282195346,0.9556867021067652,0.9454854619565934,0.9377785050814373,0.9486990266609108,0.9536862443140431,0.9692141253051337,0.9800402055088536,0.9399421713155472,0.9584682528541371,0.9920964429508246,0.9872940016105514,0.9742000318028115,0.9559256365460596,0.9364502736129277,0.9404230237936313,0.9682028504318808,0.9584318426782111,0.9652134434853601,0.9746665773670169,0.96451569690864,0.9694306685880922,0.9836153283950186,0.8983578225483962,0.9459182944018157,0.977876301002136,0.9880366441104093,0.9723910565029471,0.9654971863213374,0.9441572655907392,0.9805906543348435,0.988895102018921,0.9694320847411896,0.9549217554457603,0.9847952967284994,0.9746117457612761,0.9491333392112251,0.9699052289647055,0.980609105875701,0.9368419197208834,0.9506096145236803,0.9838684828376666
Kaha Hola Ghar,0.985415384719774,0.9832541428596774,0.9848558286156003,0.9868051297326701,0.9749512491167559,0.9876864503793726,0.9919534676612726,0.9827565541899618,0.9807001577966766,0.9889332152708131,0.9938323217391467,0.9893590622732495,0.9902411337207438,0.9892252948095763,0.9861048337362737,0.9912585360756108,0.9815956411766258,0.977615744546947,0.9740958982018086,0.9841055229315306,0.9630380140892818,0.9493869808142589,0.9889353174092046,0.9864345089317775,0.9926088122160358,0.9875312866072508,0.981723727211258,0.9890116941475879,0.9876871027632033,0.9943699671322193,0.9827927369759114,0.9865086948509068,0.9832388823368131,0.9508715180043025,0.9549719954062406,0.9732734262947449,0.9656123944168784,0.9828151884487453,0.9793136993843592,0.9692103555785807,1.0000000000000002,0.9862057062798352,0.9902948834286117,0.9866187135675715,0.9860631821717684,0.9908384071319344,0.975236025716312,0.9916191801268608,0.9794265807724496,0.9818154872875315,0.9573394246659478,0.9839017431330316,0.9838011623939167,0.9611031502607859,0.9845344740272577,0.9673758472664715,0.9869812267077501,0.9801702037943759,0.9818925089230246,0.9923310984165943,0.9904835593277724,0.9793471114076542,0.9810171092256397,0.987944918799799,0.9806485175313614,0.9846494955014841,0.9864315248184248,0.9888114439815582,0.9846294807245438,0.9895119337813684,0.9896771785592583,0.9744286006406636,0.9839079347437675,0.9879122258098021,0.9914614108359792,0.9886738488544589,0.9922607857031862,0.9868427450644006,0.9692986326577256,0.9907243201267184,0.992431884596208,0.9922911266137007,0.9890724900929283,0.9765287560946772,0.9830618116570855,0.9792707300687746,0.96138211041345,0.9915326253926139,0.9940812922351342,0.9880487584733877,0.9903113392793842,0.9884882348908746,0.9749320860728737,0.9733409930154407,0.9829178624875798,0.9909736562344061,0.9571528587997297,0.9804087992165267,0.9901013375632007,0.9836134090112298,0.9922982983374853,0.9897677286551237,0.9775406473299767,0.9866527612373452,0.9841238410175169
Dekhe Pachhi,0.9793217919383905,0.9761052508789753,0.9772813422542488,0.979832141034992,0.9742262838847082,0.9781090109484658,0.9760624454190778,0.9570054410380564,0.9707088740895765,0.9694946796010001,0.9840899266401498,0.9754101269635913,0.9683872783665888,0.9641401601132021,0.9657718240428911,0.974034382363735,0.9678240600856002,0.9651896315665243,0.9476821406760348,0.9619615227520742,0.938860317866129,0.949285353054572,0.9714595370040401,0.9717835210316639,0.9773275168067452,0.9708644797673714,0.9629513393711726,0.9683888085072807,0.971303773816405,0.9745665191093845,0.9708126037736025,0.9815155734088893,0.9712516597908779,0.9516667301219689,0.9592278221497006,0.9726658814267544,0.9627101597207954,0.9783310172393052,0.9842744880834489,0.963282528480868,0.9862057062798352,0.9999999999999999,0.9747901248560715,0.9746675430407721,0.9659560759725562,0.9677971389232202,0.960478444946616,0.9790725706502686,0.9702966706357866,0.9714366793271545,0.938798156554876,0.9833848731612822,0.969080611647991,0.9583745624727955,0.9803550504627285,0.9541473514608286,0.9830121316640559,0.976974097561679,0.9520015130498672,0.9671912088615872,0.9705052463993806,0.9471676014487981,0.9560453030471865,0.9815622307232353,0.9743384634682505,0.9713463789764069,0.9694375304865267,0.9734635025192381,0.9726890103720375,0.9666020062309012,0.9767560258206569,0.9387987518258671,0.9548695867366365,0.9803894028004341,0.9815847010308378,0.9716879324383886,0.985513896477838,0.9697085071143002,0.9422768158845434,0.9759345799780201,0.9823561983047052,0.9777687594318565,0.9749291615573056,0.9750718344524716,0.9561630656408495,0.961091261282884,0.9279928391533073,0.9662854739847875,0.9787038009533211,0.9659244233424998,0.968723205896744,0.960332495748576,0.9419691835194497,0.9528334572464402,0.9626463331602398,0.9735586278923176,0.9305260717256606,0.96757288888673,0.978620539763893,0.9727261178385266,0.9714170182219032,0.9789359061107562,0.9571283232863043,0.9677908515393472,0.9672028682089616
Harsha Ko Geet,0.9727525686887847,0.9718556710331727,0.9806645349560793,0.9859856852808828,0.9563533298427034,0.9887882447308493,0.986103700559562,0.9745062814423499,0.9869276427551431,0.9916002554033965,0.9932646598249908,0.9915650111899349,0.9858227304570076,0.9825454071732866,0.9814789806924713,0.9927291574159516,0.9902144516903976,0.9934059237310803,0.9839326143763559,0.990008662199266,0.9750903972129097,0.9357550820054752,0.9788593445424016,0.9818415816698869,0.9830509899429566,0.9703648667862654,0.9706140621522444,0.9732081200727316,0.9703374006199074,0.9887231739309335,0.9752458838356594,0.9683952888749212,0.9720728836383273,0.9306518939101582,0.9639065903252035,0.964874059201096,0.9487785345878497,0.970865677500473,0.9815520877216651,0.9534696102238753,0.9902948834286117,0.9747901248560715,1.0,0.9858799506311159,0.9836224057450605,0.9861592591465453,0.9725295545836776,0.9845871580442543,0.9639068550138807,0.9892276262310228,0.9578845245994575,0.9858499170223478,0.9941702292550556,0.9454927792390657,0.9854570915159491,0.9713475997185353,0.9904089340072781,0.987796662651046,0.9667176733783028,0.9824853438227406,0.9754437241629585,0.962107961128493,0.9711109946431131,0.9916001727892138,0.9915605883488493,0.9940115338968893,0.991725081352128,0.9912303704415328,0.9942201891221164,0.9843386238152482,0.9829054930063937,0.9668173388265271,0.9702268047032602,0.9714701849434821,0.9762707935263836,0.9923896196345527,0.9930385753326522,0.9900403869644276,0.9659177529666352,0.9871336438517816,0.9900933206872092,0.9915148169741662,0.9799486888213546,0.9657764161627453,0.9811161623054945,0.9691673826189655,0.9598888469751281,0.9888870921856597,0.9861775785334084,0.9758058816492132,0.9822271653356399,0.9829586298400017,0.9700500135925719,0.9658672300371811,0.9677010160010467,0.9860624288320307,0.9574207082941688,0.9730319394159455,0.9864346538691589,0.9854873284923117,0.9781516507532055,0.9703486310454577,0.9611490588428586,0.9863142264529574,0.9720572221171603
Aankhama,0.9678679588232859,0.9637858237819646,0.972850331015159,0.9641613546847,0.9489946772966007,0.9663565820847121,0.9751297566415732,0.9626134258972563,0.9628776509467429,0.9700837512836985,0.9862762429730686,0.97668823637307,0.967485688510499,0.9645694623314088,0.9601521085399292,0.987824468614983,0.9702360877250203,0.968934887540973,0.9604597722085704,0.9787167975340164,0.9341636995530104,0.9479421176097432,0.982062698323754,0.9909990136787985,0.9894748479771375,0.9681060700845471,0.982191321201676,0.9776770461511843,0.9770786556268954,0.9822858375807502,0.9827543713583251,0.9777997937567203,0.9847465957622515,0.9573658719921588,0.9459152711294508,0.9829968621377223,0.9603032983824218,0.9832455144598293,0.9855718966705511,0.9485358044696346,0.9866187135675715,0.9746675430407721,0.9858799506311159,0.9999999999999998,0.9957704715255769,0.9942110589615276,0.9828870268117783,0.979343884893691,0.9809947790795552,0.9873421147875325,0.9787586328332754,0.9910299708217252,0.9775977936570653,0.9686169498163153,0.9918610621732459,0.9823862892240878,0.9934780605521368,0.9907803593831033,0.9621000188683402,0.9802040296631238,0.9711904490792344,0.9671012236458935,0.9801237295816305,0.9861679738269239,0.9859152210536356,0.9918829677049283,0.9914792920017443,0.994381517060513,0.989972195921065,0.9667879552662398,0.9700323435181335,0.9617637289398995,0.9601869377354212,0.9710148385885623,0.9742750341905099,0.9716312005672315,0.9778884810139841,0.9734031422671422,0.9276489512757186,0.9690561063514287,0.9875062411895734,0.981015980367122,0.9821195695052231,0.9817337720233886,0.9797806983397827,0.9536213642482827,0.9741850757654724,0.9864877407277285,0.9766264176146114,0.972408654759884,0.9687486910146955,0.981730601077585,0.9633771900886074,0.941035419374695,0.9560533605323157,0.9694903005179573,0.9174483929983727,0.948723184657628,0.9660308542930307,0.9951360486958957,0.9790414762707323,0.9743397069181898,0.977706359973784,0.9795748660758058,0.9511834820806396
Raat Bityo,0.966993522688444,0.9629237430620294,0.9670419735495437,0.9592443009339665,0.9429260495624036,0.9623456203259468,0.974155488554951,0.967903187790478,0.9564700654725415,0.9724442313007489,0.9851289171885674,0.9746515429976501,0.9700344461430362,0.9717068934750371,0.9657918642497163,0.9893222291432195,0.9709931351178201,0.9689337494902558,0.9674081397854198,0.9836466760941001,0.938812466846353,0.9427627044390118,0.9850493851374803,0.9926766118866149,0.9917788902985684,0.9718721572053888,0.9848214832860248,0.9842407048823375,0.981626937000984,0.9851185361858147,0.9825493072289775,0.9785562668429271,0.985009503057136,0.9570284729914987,0.9322304817775146,0.9779049365494032,0.9598772506400002,0.9810246746251172,0.9751041088813099,0.9447246139362273,0.9860631821717684,0.9659560759725562,0.9836224057450605,0.9957704715255769,1.0,0.996082447911928,0.9828335489581876,0.9778593716464626,0.9815474009097619,0.9844646262892829,0.9809554174253896,0.9857901584821613,0.9786521406083741,0.9662414261946531,0.9893525435164984,0.9833126911505887,0.986972711264896,0.9848923239183958,0.9721407623905453,0.9874160028065092,0.9758269067884477,0.9766579432002175,0.9889918862710936,0.9836020525669122,0.9778667631263948,0.9895539027912038,0.9905602503552767,0.993933755428958,0.9865065385156393,0.9727778906131984,0.969840809352259,0.9721457996627593,0.9703965649704044,0.9702546201511593,0.9734617300081757,0.96829377981731,0.9729115921928754,0.9717883256493912,0.9332929540909735,0.9718827186135212,0.9847262981929737,0.9804500461923608,0.9842844007448368,0.9809742090932235,0.9862871572467391,0.956713435740974,0.9839460002518714,0.9938675065566189,0.9779534036362397,0.9757793976377356,0.9744827369560751,0.9888273939093516,0.9730434033344254,0.945630237971072,0.9589814641724498,0.9739187480398706,0.9181454064412666,0.9473961457125037,0.9693160477271734,0.9955543765737449,0.985905474444102,0.9781667108942081,0.9865607258554485,0.9796137216624096,0.9537830565690795
Sanjha Pakha,0.976046618144184,0.9741254362399329,0.9744319140371835,0.9714675516194621,0.9575310608478044,0.9714194954767198,0.9836664545279773,0.975133510087258,0.9690214586514396,0.9785813259052591,0.9896289166958626,0.983893047028631,0.9784544660214112,0.9779820915737706,0.9753682171565026,0.9939738403847934,0.9781807666689368,0.9711747073608721,0.9727655383404469,0.9856482594805915,0.9505939385260782,0.9532791816058219,0.9902217122197365,0.9963462192845731,0.9927547934919901,0.981370318724722,0.9880366551117352,0.9891052448235582,0.9855608751390185,0.9872372296981023,0.978656346750959,0.9824758203457499,0.9833500037240998,0.950600038522219,0.9451971546640294,0.9799898934865172,0.9628484934782742,0.9836746618122861,0.9772762718631091,0.9590048115015353,0.9908384071319344,0.9677971389232202,0.9861592591465453,0.9942110589615276,0.996082447911928,0.9999999999999998,0.987881432843762,0.9870098397037672,0.9858385639394263,0.9835549171974696,0.9711497285682328,0.9824000220702067,0.9810898948924569,0.9698916587838086,0.9879189763097013,0.97246585917672,0.9870579881308614,0.9813692838782082,0.9777148702235248,0.9921361845225071,0.9834388537035316,0.9821839040978236,0.9908208551346371,0.9838138275444872,0.978138572484258,0.9864330470664276,0.98800298989104,0.9918177475076002,0.9854398635496595,0.9827023393166863,0.9802977120580743,0.9827893462882265,0.9789100661001763,0.9778874329851422,0.9807597761183418,0.9783540482300477,0.978261865027155,0.9769345651637401,0.9479141511818978,0.9762123606304047,0.9873191454971156,0.9869874139496203,0.9842869060101047,0.9758000449989476,0.9924467820215407,0.9630172317192872,0.9768715805220614,0.9942476780271684,0.9849331088339015,0.9854575092361199,0.9814053621692318,0.9940811467109675,0.981783643741313,0.9601727447020293,0.9709051443130029,0.980194448192687,0.939745284976048,0.9633866138256105,0.9748544047573439,0.9905473873693224,0.9902029391773067,0.9817529659946322,0.9818463421535383,0.9880939295737006,0.9677516286460166
Timile Herda,0.9643195327049718,0.963912722046286,0.9734111766710748,0.9599120786687936,0.9518099937013322,0.9549879034671721,0.9707145249985655,0.9517109149794691,0.9682380932062121,0.9650445717103753,0.9773518234793468,0.9740891042181311,0.9656142608277243,0.9559820814663044,0.9639275762976004,0.9853752157522975,0.9681848226308299,0.959057833770196,0.9721477160900931,0.984273066826813,0.9463351653970115,0.9456593173613814,0.9854361543455816,0.9939319578865856,0.9841938926189426,0.9760315814339549,0.984136016626567,0.9828841586638577,0.9768729556824723,0.9672376745556436,0.959925666687734,0.9761951831468462,0.979072903233993,0.9317584416914416,0.9416819415754407,0.9719751171344224,0.9457169771190076,0.9746119046459496,0.965557503797678,0.9474802965454824,0.975236025716312,0.960478444946616,0.9725295545836776,0.9828870268117783,0.9828335489581876,0.987881432843762,1.0000000000000004,0.9761045163581261,0.9783861396301677,0.9847573289210577,0.9713597356952809,0.971997423166769,0.9783197971377299,0.9585705350326866,0.9905066591540245,0.9707521133878497,0.9824073199981513,0.9752161225090078,0.9676514933058779,0.9751181601427729,0.9660730180938408,0.9734856218811372,0.9886677294984335,0.9735750455156197,0.9589580318765333,0.9706520121600131,0.9743142442493444,0.9761593687984007,0.9675690814562037,0.9742483308586908,0.9761741645188357,0.9758330926955283,0.9663408875877355,0.9635660683443754,0.9707960871156869,0.9671784652856734,0.9709544184657929,0.9719576982619182,0.9385184884398797,0.9604554309466553,0.9791311521754753,0.9813937498394939,0.9629556771815153,0.9548234844943372,0.984625830750213,0.9370453405554021,0.9736454473517879,0.9808554268107662,0.9763182958475196,0.9708909846933682,0.973280139864494,0.9850997551730405,0.9839863962284264,0.9477057051422436,0.9549719405929257,0.9675523243355884,0.9341090560492028,0.950773181959267,0.9629091028606771,0.9838066937294933,0.9782962361872908,0.9653576278877336,0.9672389133653337,0.9855155223232852,0.949036503787314
Yaad Sanchi Samjhana,0.995946729979927,0.9955620877099899,0.9799560484700235,0.9920752304700015,0.9848995751249872,0.9904114856907243,0.9947900540352025,0.9893824738310628,0.9799143740263786,0.9801122934681699,0.9933654906589183,0.9930642294947198,0.9861014930528013,0.9880919201909875,0.9887844531029545,0.9907541523217637,0.9883524536291175,0.9718839471323764,0.9663890459971506,0.9752582496667664,0.9601170862500512,0.9723743373440311,0.9824062783010395,0.9853361888854653,0.9822607006297666,0.9845355894166113,0.9730781256851967,0.9820982149409542,0.978590710944037,0.9867720714187259,0.9736352118492481,0.9881485345995185,0.9693745902223306,0.9573568549951225,0.9653550005377682,0.9827946951887688,0.9806458199850495,0.9901354809433011,0.9825593508519024,0.9882058645543408,0.9916191801268608,0.9790725706502686,0.9845871580442543,0.979343884893691,0.9778593716464626,0.9870098397037672,0.9761045163581261,1.0,0.9825706153675741,0.9718499861326824,0.9345737544720634,0.9844747535566746,0.979011922707915,0.9771883202948872,0.9823549933079104,0.9465528632825977,0.9815789145769277,0.9684458070926667,0.9753088631908691,0.9886842144552173,0.9888286476544254,0.9711033925466749,0.9779154024977893,0.9814493893293679,0.9807067562974005,0.9778441206261241,0.9754737767023385,0.9815824444183461,0.9820612556241596,0.9879992287589954,0.9923446733148319,0.9682588649330365,0.9772678997259812,0.9940798976316313,0.9938797916497962,0.9911067486158652,0.9822840961821663,0.9711138181567153,0.9616570619609262,0.9851535422657369,0.9833177899654403,0.9872622513592351,0.9894380062773646,0.9775440144307551,0.9892414711038897,0.9852307040135541,0.9439561735112376,0.9798702007974608,0.992335086930694,0.9944207223836031,0.9882726080163807,0.9875473007904864,0.9708291099559941,0.9823543317332769,0.9878384008358007,0.9863378946787995,0.9621113028124277,0.9875271296202217,0.9888716176948092,0.9787199263849093,0.9877175141134007,0.9886532432783521,0.963683481406665,0.9796003017632254,0.9872694358381511
Yo Samjhine Maan Chha,0.9805262315532308,0.9797682982872716,0.9605468288732437,0.9651011812065322,0.9641299150382744,0.9595227409682981,0.9711514048895257,0.9646073245720923,0.956408064613288,0.9618360081515065,0.9832900378954456,0.9747565010031973,0.9674484677671487,0.9655147618111029,0.9652476364083288,0.9796796694819259,0.9645276859608213,0.9472249207241843,0.94136224093959,0.9583204152694071,0.9250910739155778,0.9784660966005087,0.9755546225682454,0.9881951675681901,0.9769327762138772,0.9745142175898226,0.9712301839498476,0.9783996021807104,0.9748672125250487,0.9768192769348171,0.9594131611293113,0.9872540041304312,0.9794904253781324,0.9526122287820102,0.9490528286484226,0.98913937995268,0.971367870825725,0.9927697308524983,0.9758741581615884,0.9708544715530459,0.9794265807724496,0.9702966706357866,0.9639068550138807,0.9809947790795552,0.9815474009097619,0.9858385639394263,0.9783861396301677,0.9825706153675741,0.9999999999999999,0.9694253780913168,0.9447460904230083,0.9794189267661589,0.966647669800876,0.9809464253574512,0.9825574875971738,0.9477783114644266,0.9807423289063033,0.972285227911824,0.9643101868316014,0.9853518927765821,0.9752684054566394,0.9714300742913136,0.9807748981205662,0.9800530538819552,0.9593290851360857,0.9631635360148814,0.9587070758152543,0.9682580179403573,0.9631162970229034,0.9702499851903059,0.9688728500502062,0.9703495429049432,0.9719128009714604,0.9798079751370226,0.9778522629535317,0.9610872802968171,0.9583263226148897,0.9504102153224675,0.9240334352312997,0.9588925843329675,0.9700177045004789,0.9713435101429605,0.9727799751613052,0.9766062092444318,0.9851440316134911,0.956815197893762,0.9482825723951916,0.9752203120851878,0.9754161938958669,0.9830748342967647,0.9663177953151548,0.9829334548869146,0.9675636144695552,0.9608619309447131,0.9696237381050934,0.9638800079012214,0.9252171809081021,0.9603501528029023,0.9637081320368716,0.9753366514810088,0.979229126686766,0.980518790175515,0.9662392662650335,0.9779137512982867,0.9627356791152055
Aanshu Ra Suskera Ka,0.9568104009335389,0.9558261787741849,0.9806547834803907,0.969131825372363,0.9405681636677224,0.9706342536505479,0.9739557175238591,0.9517873992944262,0.9789067374803363,0.9821679799284002,0.9832647070079241,0.9791104525213553,0.9753014049366378,0.9629712306208984,0.964155322574962,0.9838742766765775,0.9713303518845119,0.9780456951672244,0.9760284834141022,0.9871857579476351,0.9597322962046594,0.9267795728741239,0.9785063517629349,0.9841406828471972,0.9829769613464407,0.9679757169127269,0.9743566033115949,0.9742303317733563,0.9709282446455249,0.9791693240491403,0.9645686500356759,0.965279284406026,0.987859657520603,0.9173761432179668,0.951188313140055,0.9618218539210339,0.9296703969338942,0.9662776498269584,0.9715828273333434,0.9353911574659253,0.9818154872875315,0.9714366793271545,0.9892276262310228,0.9873421147875325,0.9844646262892829,0.9835549171974696,0.9847573289210577,0.9718499861326824,0.9694253780913168,1.0000000000000002,0.9773358984909397,0.9814770361784675,0.9922929830997579,0.9355658637498564,0.9925194902926003,0.9868193623714299,0.9946233595434422,0.9946414984604851,0.9654086599153103,0.976639874210521,0.9650324146783446,0.9672019890526875,0.9757211410131112,0.9904801799881024,0.9741265179157883,0.9859421174416271,0.9859673479934447,0.983179874117202,0.9792176816961642,0.9731882283116464,0.9710288642153018,0.9691454808137933,0.9677501250351759,0.9587846345402844,0.9673709293798707,0.9764308136164629,0.9852021598908539,0.9880101317028982,0.9499823707204648,0.9714729665072888,0.9862395995766396,0.9862565678236435,0.9644558801945682,0.953937671044393,0.9779823393670829,0.9444738194766434,0.9735326350336219,0.9859468577832005,0.9785529480524331,0.9624032521137742,0.9713065168420696,0.9803264030267614,0.9758046256423292,0.9461865107921473,0.9514673130737592,0.9724932832445244,0.9393536420605797,0.9515815319594187,0.9694875473917345,0.9851971912225267,0.9719571548641621,0.9586502309174433,0.9627213646382153,0.9895770086382809,0.948579048422381
Dharti Ko Chhati,0.9169461219581656,0.9103169546236596,0.9518579319731265,0.9144970709962011,0.8956979979387613,0.9210833395001421,0.9389103828229454,0.9154780691048595,0.927150728659653,0.9399421681664246,0.9468131362370314,0.9318525911984177,0.9338200093846268,0.9241364005769079,0.9192717694530662,0.957234895676897,0.9262556091858751,0.9371740395613835,0.9485338309871503,0.9712649475710107,0.9043361011021559,0.8757493417576367,0.9694850137250461,0.9693438041248743,0.9770688570709908,0.94659471329785,0.9761339028112768,0.9638778377249765,0.965593086964953,0.9492948957224299,0.9610413774037566,0.9466919551810219,0.9777660522121209,0.9171044296139816,0.88174351031274,0.9350269587698893,0.9023765684279852,0.9385043850647066,0.9374516238124082,0.8830678174907914,0.9573394246659478,0.938798156554876,0.9578845245994575,0.9787586328332754,0.9809554174253896,0.9711497285682328,0.9713597356952809,0.9345737544720634,0.9447460904230083,0.9773358984909397,1.0,0.9555380118205068,0.9555661166822276,0.9165747510623287,0.9739323442496443,0.995027207680868,0.9662723378566095,0.9712168082832541,0.9497267434435875,0.9506153602670777,0.9378263830184796,0.9599893680857126,0.972475724175356,0.9536839769443021,0.944790734983951,0.9709605630843204,0.9795679443470021,0.9752800724858479,0.9578269565527595,0.9378196577800031,0.9369800279566415,0.9456895468331377,0.9365006320722249,0.9241370178211982,0.9366867910085058,0.9305901427423089,0.953610117806468,0.963216270194231,0.9042670392307038,0.9401994439470486,0.9696981526617399,0.9587336452556147,0.9467204052032423,0.9420341396300287,0.9498385581209088,0.9007805738467455,0.9921292083541123,0.9731292606028676,0.9480592493011337,0.9271435072826774,0.9422598498716115,0.9573422958018675,0.9540847813688578,0.8853597633962691,0.9082757063326139,0.9416473872431274,0.8755741466868926,0.8920039156678128,0.9290820224120138,0.9787909439182686,0.9566060997511117,0.939741678991534,0.974415989342238,0.9577846522656149,0.9003454862617374
Ghamma Pani Maya,0.9803895395099043,0.9767927574313863,0.9726763618832132,0.9741731645948956,0.9634379921698515,0.9765561562504954,0.9768716595956228,0.9705880222245092,0.9678005266548777,0.9694745159787974,0.9905547876890383,0.9816248778543416,0.9710164845111383,0.9697872428166285,0.9680213226664844,0.9854074800887458,0.9795980064990699,0.9729551622757506,0.9541221558116666,0.970956549888434,0.9368371166478499,0.9621651050045077,0.9726045279744208,0.9828941324206382,0.9803109904268631,0.9635835135975206,0.967981473352215,0.9680734933452625,0.9673574984205892,0.9831508852397118,0.9822379942955362,0.9819920562054093,0.9747787175223893,0.9670176706953926,0.9600969177590359,0.989097469296121,0.9755464641173797,0.990353924113689,0.9934549415410555,0.965396400757719,0.9839017431330316,0.9833848731612822,0.9858499170223478,0.9910299708217252,0.9857901584821613,0.9824000220702067,0.971997423166769,0.9844747535566746,0.9794189267661589,0.9814770361784675,0.9555380118205068,0.9999999999999998,0.9798273374624306,0.9753944146400687,0.9925410444456483,0.9689473893482871,0.9927834956883996,0.9878441412198592,0.9548620227137712,0.9757088227828937,0.9697302824163349,0.9529864517111681,0.9698065206628914,0.9899735229102438,0.9917371721701035,0.9900935562323105,0.9829572780060485,0.9882103987735763,0.9916502119278189,0.9670448954513573,0.9744316663439588,0.9444381949507976,0.9534428456553395,0.9793275144422221,0.979762229817708,0.9772618073550582,0.9783190511559251,0.9659204504029629,0.9281276474674529,0.975022395687593,0.9843534876370446,0.9796676060810844,0.9863234487454546,0.9897152513528885,0.9762573937730205,0.9681209752286468,0.9519933983029415,0.9762978238349387,0.9794008917876091,0.975614854402123,0.9706850603836502,0.9751999155779251,0.9508814417821377,0.9538844470315577,0.9639825026423312,0.9723038749825468,0.9240736688337263,0.9605080686121661,0.9767217054496379,0.9924484947999085,0.9742878550456495,0.9783977860663206,0.9650760244015657,0.9704768866581566,0.9600408413984013
Him Shrinkhalama,0.9683490780532689,0.9696528335993753,0.9762710593377203,0.9823960540786361,0.9521338004494876,0.980845200850031,0.978069477455226,0.9650538865018012,0.9902858457281937,0.9922538309042794,0.9910181944335432,0.9903275788941731,0.9861036098139748,0.9780380948109069,0.9824007079891374,0.991245091281541,0.9891959857999305,0.9917769633593896,0.9887539408114022,0.9917043763584862,0.9821186961023763,0.9355963909018875,0.9759860951881533,0.9820826852810742,0.9773698513146881,0.969153847032169,0.9658199938622524,0.971868179823205,0.965808184453091,0.9838262099543975,0.9596698603834605,0.9660101190297699,0.9725497067332977,0.9118384052645129,0.966472999360313,0.9595600252989148,0.9372345790126213,0.9680312750480324,0.973368150755543,0.9480165452524557,0.9838011623939167,0.969080611647991,0.9941702292550556,0.9775977936570653,0.9786521406083741,0.9810898948924569,0.9783197971377299,0.979011922707915,0.966647669800876,0.9922929830997579,0.9555661166822276,0.9798273374624306,1.0,0.9362549054151081,0.9872853485446951,0.9683668037455821,0.9891152416793202,0.9876664547219505,0.9659621327793358,0.9811868357075706,0.9683382757384522,0.9628130606824749,0.9742700073620425,0.9931000304943162,0.977465402821015,0.9834147888277328,0.9801035152814456,0.9793120471299543,0.9819766786554062,0.9872652558155399,0.9807902083316603,0.9741165918654628,0.9741960064880492,0.9632328151783914,0.9698701279758039,0.9871671582789115,0.9877305979637209,0.9888169226417473,0.9681523131695533,0.9807817415393683,0.9838883607606559,0.9901643603927982,0.9663259137595689,0.9529758977259833,0.9830853049613928,0.9580424637837046,0.9591669153500741,0.9876583319259529,0.9839065753853495,0.9726075706978562,0.9809239221788263,0.9841169753446787,0.9797314503095004,0.9702247566606862,0.9642694567733352,0.9825703589328424,0.9624359712745634,0.9718330516232473,0.9846332472014032,0.98005004533815,0.9742255028505277,0.9631476393696449,0.9527663487075825,0.9922035038534064,0.968384861899196
Nepali Hami,0.9810849151446047,0.977345190135847,0.9406951634303163,0.949812944952865,0.9653091686131716,0.9461241303811754,0.9592457677558573,0.9622141353673209,0.9287800913920672,0.9283620028257086,0.9684919104681915,0.9578983904843832,0.9403047506777142,0.9491607386300897,0.949276053462641,0.9663105050213706,0.9569067090448553,0.9273199446659386,0.9140319672653756,0.9353475050308747,0.8901417352127597,0.9831574443328729,0.9588624300580314,0.9733470470496889,0.9613799079261839,0.9548862329070662,0.9566342641743814,0.9581588521851606,0.9570798572315485,0.9554542356591985,0.9626391338563832,0.9823554925544717,0.9446351665964035,0.983394235660072,0.9329368997851359,0.9929849831783875,0.9936802834569154,0.9909230931431519,0.9759023154558167,0.9757571746523327,0.9611031502607859,0.9583745624727955,0.9454927792390657,0.9686169498163153,0.9662414261946531,0.9698916587838086,0.9585705350326866,0.9771883202948872,0.9809464253574512,0.9355658637498564,0.9165747510623287,0.9753944146400687,0.9362549054151081,1.0000000000000002,0.9664331772529248,0.919987550000134,0.9584042778571393,0.9437330993258514,0.9377230973406496,0.960943391515502,0.9605182687546254,0.9404747869834797,0.9616393246125444,0.9528666905293821,0.9611306357891762,0.954201527653632,0.9476221731784104,0.9624850385286783,0.9621074430845122,0.946647323895216,0.9591932836579402,0.9291549550086122,0.9346250767289737,0.9781530415163908,0.9708825039566369,0.9465673161260064,0.9380359709176699,0.9170120551352268,0.8884994366713458,0.9451665712924494,0.9546793257646388,0.9506581407224373,0.9764728583892907,0.9878138068517381,0.966231907732755,0.9550318604098985,0.9204592818802346,0.9490189637373756,0.958224164050641,0.9737749295868744,0.9508605723344186,0.9605440695532848,0.9302108152575594,0.9416886949000116,0.957350147387077,0.9476577086304296,0.8935420566201051,0.9462505205888379,0.9512150295271274,0.9696162311198289,0.965188586724869,0.9777591456845222,0.9546276628584098,0.9404599081540591,0.9503897489701835
Sunsan Prakirti Ko,0.9755157753205148,0.9731525610884301,0.9815317401208242,0.9714147183692305,0.961037051371408,0.9713860626197688,0.9780242134818935,0.9617940702644487,0.9746064267487803,0.9724410400540184,0.988390698238961,0.9802546249274522,0.9733037197128582,0.9651252581361319,0.9689460912125969,0.9886090378688619,0.9775855560680473,0.9720413092491046,0.9684825255501928,0.9846780579109857,0.9462358716742831,0.9506669828957849,0.9859696915031593,0.9927057744867023,0.9888858096413254,0.9759045512193225,0.9828552817746201,0.9808823824902064,0.9794885236250557,0.9793885378722755,0.976851435395067,0.9850985674138263,0.9859038673349654,0.9508489100018744,0.9527005471145571,0.9819203703056161,0.9602291005844793,0.9847809101239821,0.9836553776709727,0.9565553843420076,0.9845344740272577,0.9803550504627285,0.9854570915159491,0.9918610621732459,0.9893525435164984,0.9879189763097013,0.9905066591540245,0.9823549933079104,0.9825574875971738,0.9925194902926003,0.9739323442496443,0.9925410444456483,0.9872853485446951,0.9664331772529248,1.0000000000000002,0.9811223746710325,0.9942162375632337,0.9905380097094383,0.9671579730054606,0.9787036651880342,0.9713019667908797,0.9690321779164587,0.9852912362394826,0.9889202731297375,0.9801048373637804,0.9880392926020892,0.9855825749103199,0.9879494122004951,0.9846977637446637,0.97565261430793,0.9803206724734039,0.9631065511869858,0.9639708100418217,0.9740254951124732,0.979131261391067,0.9756954661098015,0.9825013157255074,0.9778920211741535,0.9402649997325805,0.9751806279104381,0.9903887992672954,0.9882104633177472,0.9780936859473567,0.9766053612652902,0.9828619552750344,0.9543329675455171,0.9706327246682044,0.9843298561476999,0.9841862952473804,0.9734865018499641,0.9764101106935177,0.9827554962525863,0.9723774674784079,0.9515880159243171,0.9611592407291816,0.9763679892231512,0.9334100584223181,0.9572278741016134,0.9756425739344317,0.9946663429419728,0.9805603033709632,0.9763982097915139,0.9729662063168744,0.9836548685273326,0.957185142487034
Timile Diyeka,0.929779722543776,0.9235778964842324,0.9654968090292471,0.9326480047744438,0.9098185448120271,0.9418926225992774,0.952961807562069,0.9322724052219173,0.9424911974381444,0.9560650026555543,0.9589878533244153,0.9470428050858571,0.9501920466884521,0.9411407682508496,0.9355102465874879,0.963979929198692,0.9405536151773234,0.9531787657768196,0.9573344031888558,0.9769875772073078,0.9222522480555869,0.8865318596683579,0.9711478006144002,0.9703435002709774,0.9810452288566434,0.9528666493006545,0.9745310388550256,0.9672551045488247,0.9677221815578773,0.9639793189021786,0.9712803754610673,0.9526083427932326,0.9842471028461777,0.9255471086208731,0.8995007497835734,0.9430006294952415,0.9141884649260449,0.9468757161478147,0.948687532702861,0.8996976508717154,0.9673758472664715,0.9541473514608286,0.9713475997185353,0.9823862892240878,0.9833126911505887,0.97246585917672,0.9707521133878497,0.9465528632825977,0.9477783114644266,0.9868193623714299,0.995027207680868,0.9689473893482871,0.9683668037455821,0.919987550000134,0.9811223746710325,0.9999999999999998,0.9771718319737368,0.9807635978643867,0.9579002849438183,0.9592578829632067,0.949677147531866,0.9615546730924758,0.970307540408735,0.9675957679292052,0.9588107648911902,0.9810130748315206,0.9869596886696163,0.9818333256283401,0.9691421165064903,0.9476009327748354,0.948351531887944,0.9459039699615693,0.9463173907324621,0.9388144085619087,0.9505582175309327,0.9484293838302338,0.9681789152729824,0.9741158551711006,0.9209322164239663,0.9568384016322672,0.9777876648467984,0.9683174142123274,0.959281883683513,0.9508689676168512,0.9563526542876831,0.9235101528057125,0.988898663177851,0.9779824389437699,0.9604227329089283,0.937953428450713,0.9551475742857718,0.9638557361768855,0.9566345910095412,0.9040309484932946,0.9243755825664582,0.9553874583697001,0.8938378607906947,0.9107815595012825,0.9468977009891171,0.9844573315385632,0.9632450338130525,0.9485611541094954,0.9752001024561769,0.9631040693843641,0.9157496890081073
Timile Jatinai Maya,0.9705638926231692,0.9690992230828,0.9775864157743293,0.9769697187630386,0.9546535164164872,0.9759560450172021,0.976880567106868,0.9607864861649404,0.9790715862728941,0.9816442810006146,0.9918861314745127,0.9865534363263101,0.9759494047524552,0.9683740840787843,0.9682604616326074,0.9889342972131202,0.978118216211071,0.9799276083589473,0.9672968223148107,0.9796773566534087,0.9532706337827578,0.9540933749264457,0.9756002781452084,0.9872937992174109,0.9824381340946035,0.9664402955457324,0.9706360420844998,0.9719345414030865,0.9687383004429958,0.984491540426122,0.9710623355857557,0.9741788577225949,0.9844239458753854,0.939695182318809,0.9685130402729246,0.9808933909023312,0.9534226825419926,0.9828786637050879,0.989196790234346,0.9537076936865866,0.9869812267077501,0.9830121316640559,0.9904089340072781,0.9934780605521368,0.986972711264896,0.9870579881308614,0.9824073199981513,0.9815789145769277,0.9807423289063033,0.9946233595434422,0.9662723378566095,0.9927834956883996,0.9891152416793202,0.9584042778571393,0.9942162375632337,0.9771718319737368,0.9999999999999999,0.9973696984667728,0.9582716659588301,0.9795821090611636,0.9688042926064134,0.9596650428140118,0.9718481152411119,0.9963162307390546,0.9855801571127132,0.9876821577348864,0.984358199282963,0.9860238438439933,0.986591681131931,0.9720951043390152,0.973615058516928,0.9624928965938574,0.9643230307028545,0.9712318124146924,0.975029724051525,0.9801321426093972,0.9850787566601038,0.9797740458397635,0.9400371813383275,0.9718505701522017,0.9857663394177292,0.9841678637922738,0.9742900268217599,0.9721285252299174,0.9793901388459488,0.9559696281916618,0.9601043635567417,0.9832921342711214,0.9794355994541015,0.9724050125007597,0.9708552911622362,0.9804626460726352,0.9655607971464285,0.9550090367759249,0.9598873612011531,0.9720572316057058,0.9347067250536477,0.9617813499986271,0.9738465674872995,0.9887026895711764,0.9735513282731116,0.9685344558250569,0.961295203993391,0.9873220852746638,0.957502488685047
Yo Chhoto Jeevan Ma,0.956261791445369,0.9543606087261279,0.9690202008737584,0.9663481567875307,0.936981219484592,0.9660929437993542,0.9650242346437395,0.9460988675098596,0.9724563085023598,0.9776070920595001,0.9858516578784565,0.977447798072637,0.9671004328879058,0.9578912272693205,0.9569582223911512,0.9832273606117714,0.9708676535104199,0.9796729406904451,0.9645046015401544,0.9775844077891032,0.9479212369837188,0.9364860605588374,0.9692368551031061,0.9816870789515856,0.9774466840563092,0.9555078535612246,0.9649612970656992,0.9634858377477207,0.9616387069366904,0.9780294566114563,0.9646961504271365,0.9635385498726633,0.981238288641424,0.9258133052074112,0.9602544361342682,0.9701612573208328,0.9366252964764709,0.9716977500380451,0.9838042812941866,0.9334751381675276,0.9801702037943759,0.976974097561679,0.987796662651046,0.9907803593831033,0.9848923239183958,0.9813692838782082,0.9752161225090078,0.9684458070926667,0.972285227911824,0.9946414984604851,0.9712168082832541,0.9878441412198592,0.9876664547219505,0.9437330993258514,0.9905380097094383,0.9807635978643867,0.9973696984667728,1.0000000000000002,0.9480930270352931,0.9718380271232875,0.9569622064334274,0.9511772758723236,0.9656787514308248,0.9948793401156194,0.9817551105151767,0.9868482719507421,0.9828579209215963,0.9831282320772186,0.9836119005429319,0.9637282470789766,0.9619804408707762,0.9568771512965495,0.9556022196682185,0.9561570439392524,0.9609739997029737,0.9698328770039153,0.9805030963174411,0.978080849850108,0.9312157554695734,0.9645064628233386,0.9819333628946655,0.9786186017695441,0.9639602614114325,0.9648592983178127,0.970085382879075,0.9405795989246414,0.9605492385484581,0.9813246542092193,0.9697890169376302,0.9582306886954345,0.9599103957819127,0.9720300799614254,0.9586401504321302,0.940361211620183,0.944106245957228,0.964299602183907,0.9214765461624899,0.9473857116229247,0.9650745978914476,0.9858678320190469,0.9642329583869232,0.9573937237940964,0.9569575824875239,0.9840493470923618,0.9444471744431274
Hamro Nepalma,0.9686881211502052,0.9671946664155112,0.9807182426435672,0.9620139541882236,0.9604506157443913,0.9693088672167001,0.9854489159077653,0.9798488661974825,0.9595420588024502,0.9716821360819903,0.9686593819742507,0.967080521163549,0.9852167726899215,0.9813412074035585,0.9791010685442902,0.9694954234475947,0.958139012280702,0.9454485168412889,0.963805421376228,0.9745939589800611,0.9484374143653823,0.9186445396077688,0.988055547475956,0.9738813748777174,0.9860580084736247,0.9931427180187751,0.9840261921007989,0.9940874775198645,0.9905486994897197,0.9822059817291102,0.971264380379989,0.9772022654864588,0.9804031121815365,0.931038141096731,0.9024178111280561,0.9467146748106251,0.94457916459214,0.9585555300249196,0.934585136780762,0.9568413618571366,0.9818925089230246,0.9520015130498672,0.9667176733783028,0.9621000188683402,0.9721407623905453,0.9777148702235248,0.9676514933058779,0.9753088631908691,0.9643101868316014,0.9654086599153103,0.9497267434435875,0.9548620227137712,0.9659621327793358,0.9377230973406496,0.9671579730054606,0.9579002849438183,0.9582716659588301,0.9480930270352931,0.9999999999999997,0.98831405681747,0.9922284329435745,0.9967946822524366,0.9848110357642232,0.9600369773438564,0.9430775312691663,0.9631742387355938,0.9692606575423001,0.9692377429640857,0.9556597936917554,0.9851803894671286,0.9819147119245405,0.9800709395598289,0.9916462536280528,0.9779645799289552,0.9851173896363753,0.9725005962240495,0.9711904295102144,0.9748998859692668,0.9727930148431253,0.9843407904880861,0.9790899257507292,0.9834689146177837,0.9771019396563351,0.9490088174173661,0.9819159947781536,0.9726196874953112,0.9707591880170529,0.9833062797423584,0.9901718619512925,0.9813742413909631,0.9911154787402754,0.9882166514131616,0.9869125321780379,0.9642443775034187,0.9827074288202023,0.9874139678279643,0.9594732709416002,0.9635597070860745,0.9769346719399282,0.9659679641110164,0.993211648001511,0.9818929376380197,0.9823147024248762,0.9720944189428059,0.9733325561791092
Hitaiko Maya,0.9812715260852489,0.980828571722364,0.9739018516480754,0.9779186363102158,0.963804635729399,0.9790502176114182,0.9880890141278933,0.9868265968263616,0.9707283462537784,0.9871623210921018,0.9900469369383991,0.9871973258465168,0.9903641329837986,0.9922303872421072,0.9878756773726789,0.9889511555121756,0.978823335854143,0.969855082362671,0.9716641908783458,0.9796658444172544,0.9610275815792619,0.9549472437753003,0.9853589831174412,0.9875309507466603,0.9874906816034968,0.9865239922194359,0.9786217920240372,0.990804636676082,0.9847768625320492,0.9949875720752204,0.9729884728510235,0.9822422231847122,0.9824938505460894,0.9430248353673404,0.9429600632201405,0.9725775923944345,0.9633441348647914,0.9810899301522278,0.9661420413069505,0.9687164124449058,0.9923310984165943,0.9671912088615872,0.9824853438227406,0.9802040296631238,0.9874160028065092,0.9921361845225071,0.9751181601427729,0.9886842144552173,0.9853518927765821,0.976639874210521,0.9506153602670777,0.9757088227828937,0.9811868357075706,0.960943391515502,0.9787036651880342,0.9592578829632067,0.9795821090611636,0.9718380271232875,0.98831405681747,1.0,0.9931979784242508,0.9875971755742147,0.9860930289981449,0.9843643881951781,0.9671460335503229,0.9760902599093048,0.9764078970257436,0.9806849749022074,0.9750266239120666,0.9904691578891244,0.9827055411661576,0.9880506789949147,0.9944766781293614,0.9852403439426762,0.9867290221214222,0.9822160258444882,0.9768947862843265,0.9753645490546848,0.9645974333684869,0.9841866187402092,0.9812018908484722,0.9859804626561207,0.9852157607205371,0.9698801210388713,0.9942950316366237,0.9795710932589679,0.9654125854193281,0.9935929068854015,0.990346013692568,0.992951010165918,0.9894606998336655,0.9971234427887308,0.9856507879560874,0.9791049453257662,0.9860626366494937,0.9878114302763351,0.9565970357062394,0.9770008838165899,0.9846671778574159,0.9784232676695835,0.9941469425287895,0.9867125302699379,0.9783315166171653,0.9867974321309886,0.9820565862829008
Kholai Khola,0.9850880746612711,0.9837297019967027,0.9836589363609821,0.9782911728629295,0.9767002943285407,0.9835781686534263,0.9944811375308765,0.990744325993771,0.967485985711799,0.978391017450752,0.9829673114010485,0.9812411957149557,0.9891167385200677,0.9899125315159981,0.9874126075817574,0.9787758804243695,0.9726641300881572,0.9580000666764465,0.9607731966587848,0.9710568456660319,0.9510994746438621,0.9473943577907826,0.987718817497457,0.9801231124816012,0.9880294725298767,0.9939497370032724,0.9818470339052905,0.9927641006698037,0.9898662708968408,0.9904748538860624,0.9799495399573458,0.9858351812951759,0.9775423126849486,0.9511578746060457,0.9289424459326551,0.9681479862517341,0.9683672601744433,0.9746194294218391,0.9592015089037174,0.9778902477806911,0.9904835593277724,0.9705052463993806,0.9754437241629585,0.9711904490792344,0.9758269067884477,0.9834388537035316,0.9660730180938408,0.9888286476544254,0.9752684054566394,0.9650324146783446,0.9378263830184796,0.9697302824163349,0.9683382757384522,0.9605182687546254,0.9713019667908797,0.949677147531866,0.9688042926064134,0.9569622064334274,0.9922284329435745,0.9931979784242508,1.0000000000000002,0.986737468272909,0.9783121689578876,0.9716907656992133,0.9627910972578473,0.9714404518488118,0.9731726266753077,0.977114244222241,0.9701943038892095,0.9875195633611794,0.9885366862375098,0.975939632393333,0.9903198445471886,0.9937304691306679,0.9948796390347999,0.9828150644398688,0.9790173315927508,0.9728769270718197,0.9688970134930088,0.9906608309854718,0.983596752865459,0.9867205474494006,0.9894623693070671,0.9684053635624085,0.9851778261414752,0.9871487246399876,0.9540854919241247,0.9833825811856571,0.994000755486452,0.9919678996619287,0.9926840974923435,0.9893075045567021,0.9771196735298414,0.9764494118252529,0.9926880358651224,0.9927752092513725,0.9612511484953552,0.9801678477185142,0.9867228949058637,0.9717266714392176,0.9962411594215371,0.9924223695813756,0.9804255032325222,0.9745074486268815,0.9873729110633485
Saajha Ma Aunu (Maya ko Chino),0.9629594732497149,0.9612816072190513,0.9750661281240053,0.9535090251966366,0.9523897546203673,0.9586387939950817,0.9788434461287834,0.9701695438457074,0.9531935088603924,0.9651648865590178,0.965466905259326,0.9612440221279138,0.9777069616359902,0.9719589827657714,0.9689885403241411,0.9686703587295304,0.9504297295348857,0.937598924543482,0.958064778267948,0.9724875481283631,0.9371052214572381,0.9195953900611784,0.9892113843291737,0.9780673632310081,0.9865893176232065,0.990877580417554,0.9876808381832103,0.9943398043798899,0.9916806755524546,0.9773884483311732,0.9663455928810962,0.9769839657963661,0.9849587217779696,0.928057789455938,0.8983318773189859,0.9486938944342236,0.9394183489355441,0.9598629074497133,0.9339749153611774,0.9490535477906126,0.9793471114076542,0.9471676014487981,0.962107961128493,0.9671012236458935,0.9766579432002175,0.9821839040978236,0.9734856218811372,0.9711033925466749,0.9714300742913136,0.9672019890526875,0.9599893680857126,0.9529864517111681,0.9628130606824749,0.9404747869834797,0.9690321779164587,0.9615546730924758,0.9596650428140118,0.9511772758723236,0.9967946822524366,0.9875971755742147,0.986737468272909,1.0000000000000002,0.9901498353731971,0.9588033960133404,0.9384932139431013,0.9611879171762149,0.9678890334377701,0.9685530099149655,0.951847227560839,0.9801059825221361,0.9749124821588412,0.98447587017655,0.9891008571443629,0.971284255492101,0.9787542633755988,0.9633353636202499,0.9641325710753327,0.9707135614096332,0.9606069173396163,0.9738489075054649,0.9769648669958593,0.9798940625238297,0.971263070113277,0.9481067001810465,0.9827799580557023,0.9593270322290764,0.9778395282029453,0.9840598038297166,0.9846447069619743,0.9775258859634001,0.982959469093592,0.9882478249572708,0.9887697826746198,0.9539372082590397,0.9740755220210181,0.9785951485340353,0.9475865230822846,0.9525734664078341,0.9656809056521989,0.9669587683791833,0.9906788844460274,0.9780421007261709,0.9844209360107711,0.9749465798874096,0.9634512532726323
Yesto Pani Hundo Raichha,0.9714157274114241,0.9691492962672557,0.9701353487139667,0.9577156657658775,0.9544672748738939,0.9576782836602061,0.9756648408255895,0.966746785122591,0.957873882950266,0.9648956756575289,0.9765425541729273,0.968318856584457,0.971465548217289,0.9690906755417229,0.9701690832310965,0.9840408727889375,0.9666330746824714,0.9536573580865463,0.9693535083741411,0.9846255247535539,0.9412457072303698,0.9370891008052198,0.9929359402781739,0.9918299052464963,0.9906788070210675,0.9857687041080984,0.9911053030386794,0.9927110540084474,0.9901814811618865,0.9750099166432725,0.970639287519772,0.9852266650764002,0.981316273543849,0.9448955590410124,0.9187221003980004,0.9660707480011556,0.9545826997403224,0.9753213335984497,0.9561137694289734,0.9506854537821836,0.9810171092256397,0.9560453030471865,0.9711109946431131,0.9801237295816305,0.9889918862710936,0.9908208551346371,0.9886677294984335,0.9779154024977893,0.9807748981205662,0.9757211410131112,0.972475724175356,0.9698065206628914,0.9742700073620425,0.9616393246125444,0.9852912362394826,0.970307540408735,0.9718481152411119,0.9656787514308248,0.9848110357642232,0.9860930289981449,0.9783121689578876,0.9901498353731971,1.0,0.9690042224305955,0.9558800590146705,0.9735889395182143,0.9773417182586155,0.9807653503756338,0.9681059349833026,0.9821301292084835,0.9788713522946545,0.9815778680722007,0.9780722568528281,0.970513258653883,0.9765058804425363,0.9645030463326582,0.9672091410352756,0.9700274410178134,0.9484044623190556,0.9718860377918798,0.9821680807016265,0.9832814005712363,0.9759967835568436,0.9658945525846124,0.9889120126278673,0.9525104189070613,0.9831150450650796,0.9895605747350731,0.9834126763808577,0.978255638636664,0.9814629822213609,0.9904239387320598,0.9874807146804168,0.9525087784467213,0.9654272819629669,0.977271208484782,0.9360139519929191,0.9514355695769904,0.9698546702302041,0.9846228701597286,0.9903300851110929,0.9810013378288053,0.9855527633719329,0.9798850199795128,0.9603213101314062
Lekhideu Timro Nam,0.9734345353712791,0.973283958015231,0.9731538623435307,0.9816563956402504,0.9561629875963646,0.9800571499230712,0.9767719748805369,0.966659983032584,0.9826856787898318,0.9893205222921352,0.995403017296671,0.990668785540585,0.9831691353414284,0.9776655546379033,0.9775162603460635,0.9899122630333252,0.9843513575812952,0.9864712331127387,0.9714148613090612,0.9793123794082135,0.9642705157222267,0.954918244412818,0.9723104255070618,0.9838142311611708,0.9785685845119153,0.9664169149263185,0.963806373413594,0.9706019057448652,0.9659008647805072,0.9896734148960898,0.966856282438179,0.972679479180259,0.9793328483487982,0.9317165756356074,0.9723646974923815,0.9765611433493862,0.9527583025557581,0.9810269519360041,0.986455666262698,0.95649282195346,0.987944918799799,0.9815622307232353,0.9916001727892138,0.9861679738269239,0.9836020525669122,0.9838138275444872,0.9735750455156197,0.9814493893293679,0.9800530538819552,0.9904801799881024,0.9536839769443021,0.9899735229102438,0.9931000304943162,0.9528666905293821,0.9889202731297375,0.9675957679292052,0.9963162307390546,0.9948793401156194,0.9600369773438564,0.9843643881951781,0.9716907656992133,0.9588033960133404,0.9690042224305955,0.9999999999999998,0.9833292700212253,0.9844740190663365,0.9785792744135196,0.9811875414077229,0.9847492259493928,0.9790497954439031,0.9748603478131785,0.9673562483291746,0.9720048474117974,0.9720677869931169,0.9743539193708833,0.9827842290795769,0.9848958693199024,0.9798521962027286,0.9501733651078671,0.9771577678109127,0.9828644868737643,0.984818351886267,0.9734501426680244,0.9699787004003219,0.9807871722489423,0.9633025377429185,0.9519065807456975,0.9856213430629268,0.9813237849278226,0.9763302279227023,0.9746198166999507,0.9822767801911947,0.9676501802471098,0.9680197663769388,0.9668395873133407,0.9777022019870663,0.9454903105267335,0.971121886136367,0.981593042660819,0.9831576759214926,0.9747046148990922,0.9705358814577671,0.9572778895167415,0.9891471484474644,0.968002343664478
Aagya - Official,0.9725525631456884,0.9694345824527759,0.9677167517305315,0.9774083416960424,0.9548289262515766,0.9811564928099592,0.9763899543484865,0.9686563646371259,0.9706527947737694,0.971152761640135,0.9876273041439761,0.9820061857377755,0.9672167190568808,0.9685674134632812,0.9655582773246386,0.9845971772557871,0.9840678813064502,0.9825217289933371,0.9591688800884206,0.9713151854646715,0.9463163518576839,0.945439503800615,0.9654307557770055,0.9735810200162895,0.9726578074502839,0.9530512377925028,0.9590062936707933,0.9560259314711893,0.9564629373394754,0.9777503917477003,0.9778906410783352,0.9658433807538289,0.9563190641712556,0.9516749535761896,0.963410872640383,0.9746250918018808,0.9633561983321591,0.9752534262156752,0.991980434243136,0.9556867021067652,0.9806485175313614,0.9743384634682505,0.9915605883488493,0.9859152210536356,0.9778667631263948,0.978138572484258,0.9589580318765333,0.9807067562974005,0.9593290851360857,0.9741265179157883,0.944790734983951,0.9917371721701035,0.977465402821015,0.9611306357891762,0.9801048373637804,0.9588107648911902,0.9855801571127132,0.9817551105151767,0.9430775312691663,0.9671460335503229,0.9627910972578473,0.9384932139431013,0.9558800590146705,0.9833292700212253,1.0000000000000004,0.993399357253261,0.9866002787096804,0.9900246469463766,0.9979581150067747,0.9643792106134155,0.9716288474726023,0.9372705327084557,0.9428347690836282,0.9695779512975531,0.9698799603044658,0.9819512184692845,0.9809935902989082,0.9685837773517935,0.9338366007802567,0.9750913765811399,0.9820724673494037,0.9776605877392597,0.9818787614991538,0.9793030538722427,0.9677484617129574,0.965324998908014,0.9405587315908811,0.9721130281915167,0.9731201391240123,0.9677273710396244,0.9653581142737933,0.9664635389000984,0.9403442557840029,0.94939392893431,0.9560821955646197,0.9710178731424797,0.9296162365531463,0.961040116554795,0.9747514800042191,0.9850368008379006,0.9649650318180162,0.9670346926938348,0.9517891916403207,0.965622725667894,0.9600640053578193
Bhumari,0.9672815813876389,0.9633120013170523,0.9776532546846253,0.9702732779881581,0.9477870489551663,0.9780258478016433,0.9802212158184721,0.9686799983898835,0.9691877093353951,0.9748779122824471,0.9858640652939842,0.9777647881581751,0.9723089727325176,0.9702611349664186,0.966420771767568,0.9861218662574427,0.9793085461957579,0.980648251183441,0.9689109465979955,0.9840872734347332,0.9477008648060333,0.9283740362257407,0.9805973167620424,0.9823889788397243,0.9866397675010607,0.9663853724663273,0.9777838035056422,0.9725509539260594,0.9737818574177999,0.9826358600323548,0.9862452398985224,0.9712888143011259,0.9746703605304442,0.9492811141430083,0.941825503852233,0.9693148519767513,0.9539066178510484,0.9709384386348509,0.9811998892887287,0.9454854619565934,0.9846494955014841,0.9713463789764069,0.9940115338968893,0.9918829677049283,0.9895539027912038,0.9864330470664276,0.9706520121600131,0.9778441206261241,0.9631635360148814,0.9859421174416271,0.9709605630843204,0.9900935562323105,0.9834147888277328,0.954201527653632,0.9880392926020892,0.9810130748315206,0.9876821577348864,0.9868482719507421,0.9631742387355938,0.9760902599093048,0.9714404518488118,0.9611879171762149,0.9735889395182143,0.9844740190663365,0.993399357253261,1.0000000000000004,0.9971242363544204,0.9975244453193207,0.9974540304657289,0.9711573204212273,0.9747487907590626,0.9538915948889474,0.9569993611826642,0.9686087070804074,0.972713882731959,0.9797816960878116,0.9848905504216673,0.9804249493254075,0.9432572073496558,0.9818770793063238,0.9916798485462219,0.9863869218430821,0.9848560223341568,0.977218041195992,0.9760794692548024,0.9621345691335143,0.9695870438173665,0.9856884442684213,0.9804452922988555,0.9678099799627173,0.9736277473122532,0.9770852194199652,0.9594149583481372,0.943725332931442,0.9568672409315397,0.9791537642768865,0.9310640059292041,0.9528850572518989,0.9756829564637232,0.9937079981392396,0.9769126690446518,0.9718685757808422,0.9733707716721609,0.9737724098297089,0.9569083318047781
Daagbatti,0.962005754847052,0.9572591131496232,0.9792273546455885,0.9659604674068322,0.9438665804615161,0.9738805226161087,0.9802893044437669,0.9659439229454785,0.9657970731734415,0.9749524521389158,0.9814168611950577,0.9738826529954526,0.9711056947451371,0.9695787003998435,0.9646401005539563,0.9851484125833804,0.9728872383905149,0.9770588671423722,0.9737358692902964,0.9883702241758131,0.9486842824126597,0.9170676715070788,0.9847507791045399,0.9826547906562036,0.9911048324841726,0.9703841259667491,0.9833814248998439,0.9783574582466015,0.9793499465988843,0.9811910044523937,0.9873622215367932,0.969661881232007,0.9779077113853586,0.9471061259461893,0.9310454277078591,0.9618591055513795,0.9471705135412826,0.9655014537204786,0.972868294257507,0.9377785050814373,0.9864315248184248,0.9694375304865267,0.991725081352128,0.9914792920017443,0.9905602503552767,0.98800298989104,0.9743142442493444,0.9754737767023385,0.9587070758152543,0.9859673479934447,0.9795679443470021,0.9829572780060485,0.9801035152814456,0.9476221731784104,0.9855825749103199,0.9869596886696163,0.984358199282963,0.9828579209215963,0.9692606575423001,0.9764078970257436,0.9731726266753077,0.9678890334377701,0.9773417182586155,0.9785792744135196,0.9866002787096804,0.9971242363544204,0.9999999999999998,0.9984809900751537,0.9931533719423482,0.971625230004883,0.9749389199416529,0.9584936462864434,0.9606241186707759,0.9663951353233883,0.9729694565073859,0.9775013359235682,0.9864755577711565,0.9849298775592226,0.9480912792573778,0.9813502967171672,0.992348187728286,0.9861918834299335,0.9838727286066573,0.9715086624117877,0.9742187711394528,0.9580425945130521,0.9789095500293161,0.9887834719168691,0.9803856786073224,0.9656450832662343,0.9762726892662626,0.9784036664379038,0.9642359158386993,0.9385349619007428,0.9544474052138925,0.979506892554651,0.9292132642737773,0.9487185872767542,0.9735862306290284,0.9927553243414569,0.9804504197094921,0.9715704042713548,0.9799019460402242,0.9742571266635238,0.9539454000162321
Hey Bhagwan,0.9710716145301937,0.9663366808828232,0.9769989230115431,0.969308486584245,0.9516600549913711,0.9754628791240167,0.9824276576088058,0.9717819130836765,0.9648155777569773,0.9741232373203706,0.9862706374388636,0.9774699431674571,0.9717368858221622,0.9732509016365852,0.968364596253028,0.9891010796237365,0.9774926147643123,0.9769231523245177,0.9705728718305255,0.9861932000154439,0.9454384793337354,0.9332593352728367,0.9863513088582965,0.987404019283241,0.992452200087141,0.9728862659655365,0.9846132359159522,0.9806746429798671,0.9815579943140615,0.9837457515822433,0.989971081843926,0.9773339118843309,0.9773805071059211,0.9595492633778047,0.937123210564594,0.9728981866985662,0.961176949961606,0.9756279514393454,0.9803442169246714,0.9486990266609108,0.9888114439815582,0.9734635025192381,0.9912303704415328,0.994381517060513,0.993933755428958,0.9918177475076002,0.9761593687984007,0.9815824444183461,0.9682580179403573,0.983179874117202,0.9752800724858479,0.9882103987735763,0.9793120471299543,0.9624850385286783,0.9879494122004951,0.9818333256283401,0.9860238438439933,0.9831282320772186,0.9692377429640857,0.9806849749022074,0.977114244222241,0.9685530099149655,0.9807653503756338,0.9811875414077229,0.9900246469463766,0.9975244453193207,0.9984809900751537,1.0,0.9958310470274216,0.9738116631759726,0.9776210068709307,0.9599721902310507,0.9623003859713165,0.9738281723233432,0.9775783863387177,0.9780626118645306,0.9844065100246906,0.979490567663039,0.9437300693587112,0.981961798126801,0.9922591950513052,0.9861955420255724,0.9895847571005163,0.9818510103101044,0.9790489616671669,0.9638106685895481,0.9752695964798485,0.9896778370414038,0.9822088131048169,0.9728434539253639,0.9776715036696392,0.9815670167645986,0.9637265968040716,0.9448337677263156,0.960170820492117,0.9807403545538861,0.92772455564376,0.9539851442218256,0.9764747395745674,0.9956921446170809,0.9841929164773197,0.979078251178925,0.9825733296691141,0.9746177048263422,0.9598550574910323
Soch,0.9730573409767636,0.9696516726369083,0.9720190123026367,0.9752362061742152,0.9538205572046217,0.9801610611193016,0.97980143281881,0.9730637334855381,0.9708920956532717,0.9755892036438911,0.9895863749250489,0.9831158452492825,0.9722141054018488,0.9739238022977401,0.9710856865319137,0.9895578746436745,0.986156396617697,0.9849640962420747,0.9692115864298314,0.9812511119421027,0.9512852639619747,0.9411759840888171,0.9754195943342623,0.9814987719698716,0.9820018152485104,0.962055590021291,0.9707202902242051,0.967591767268237,0.9670943941882904,0.982856117923367,0.9846685814061391,0.9710015692020977,0.964335360338365,0.9546470596191113,0.9540194667274533,0.974979939598579,0.9636872496091178,0.9759104882664802,0.9879566375834075,0.9536862443140431,0.9846294807245438,0.9726890103720375,0.9942201891221164,0.989972195921065,0.9865065385156393,0.9854398635496595,0.9675690814562037,0.9820612556241596,0.9631162970229034,0.9792176816961642,0.9578269565527595,0.9916502119278189,0.9819766786554062,0.9621074430845122,0.9846977637446637,0.9691421165064903,0.986591681131931,0.9836119005429319,0.9556597936917554,0.9750266239120666,0.9701943038892095,0.951847227560839,0.9681059349833026,0.9847492259493928,0.9979581150067747,0.9974540304657289,0.9931533719423482,0.9958310470274216,1.0000000000000002,0.9717922620414042,0.9763719085876678,0.9499094763278589,0.9533582979544664,0.9718669454435,0.9735419864153837,0.9830272785031463,0.9838018905659655,0.9750932073607319,0.94106323204953,0.9808788236323026,0.9876332210551918,0.9836079164492316,0.9864766221661109,0.9811194770638462,0.9756171300495464,0.9669971314649156,0.9571918600431949,0.9823909968821393,0.978641215864309,0.9723449842378049,0.9736812800801397,0.9759043282908966,0.9536650883133931,0.9516867534218333,0.960285155671387,0.9784677955223589,0.932733465472157,0.9609278331066982,0.9790378274876279,0.9918157268044427,0.9750131637678501,0.9731035087791896,0.9657872265644274,0.9715279518136773,0.9628710826697292
Sagarsari Chokho Maya,0.9835373526069369,0.985210536447656,0.979786077138699,0.987042761391135,0.9747388382676564,0.984971579274923,0.9892775622292524,0.9828977569559529,0.9870604153998335,0.9899318901455761,0.9889647441347225,0.9901217360594728,0.9943716357582691,0.9910482381738833,0.9960381361211647,0.9895536911504091,0.9883922578005763,0.9780296336209588,0.9857713844512555,0.9875002519131025,0.9811735788833684,0.9422883497985988,0.9867223302258935,0.9825202390436,0.9827215083712967,0.9893602266095881,0.9755868012130506,0.9871090852418095,0.9815207612406143,0.9867669805516631,0.9641470644175638,0.9794405205024459,0.9677870130566445,0.9230647288148827,0.9517640439890981,0.9578655491911932,0.9528278096134624,0.9701858579312271,0.961322105806002,0.9692141253051337,0.9895119337813684,0.9666020062309012,0.9843386238152482,0.9667879552662398,0.9727778906131984,0.9827023393166863,0.9742483308586908,0.9879992287589954,0.9702499851903059,0.9731882283116464,0.9378196577800031,0.9670448954513573,0.9872652558155399,0.946647323895216,0.97565261430793,0.9476009327748354,0.9720951043390152,0.9637282470789766,0.9851803894671286,0.9904691578891244,0.9875195633611794,0.9801059825221361,0.9821301292084835,0.9790497954439031,0.9643792106134155,0.9711573204212273,0.971625230004883,0.9738116631759726,0.9717922620414042,1.0,0.9942637223904439,0.9853806694670126,0.9902664254274628,0.9802001607705476,0.9849016391307717,0.98964573514865,0.9853918052640276,0.9846868327219033,0.9858924916869877,0.9906375893081913,0.9840323938848785,0.9933362043098771,0.9755617913194289,0.9542888376788186,0.9877534674784121,0.9754274221068272,0.9528404600717264,0.9881871849338012,0.9943125555721215,0.9889454167057447,0.9953163022565479,0.990788041742288,0.9885353711471728,0.9874849377523367,0.986911569260262,0.9949040331316692,0.9808495777505833,0.9883545063955627,0.9935780835527273,0.9704165045341435,0.9900120454602069,0.9820322370911566,0.9639230360825702,0.9887176222474605,0.9914064516155133
Timilai Dekhera,0.9906139025058378,0.9906996816938584,0.9896489064702835,0.9889150109375395,0.9885951281853308,0.9886722753437266,0.9939184695331271,0.9840042729621087,0.9870033959695341,0.9803335084050088,0.9878623639353605,0.9883222954575216,0.9901688609621776,0.9849440618614637,0.9923877570064422,0.9866729566809158,0.987090339560825,0.9716573502481594,0.9763467066279472,0.9830601250068919,0.9683633058591411,0.9479566498222503,0.989615523036296,0.9826494643193809,0.9857035692301582,0.9922393352558154,0.9805610866742832,0.986983087041224,0.9845057382596183,0.9828110144936014,0.9749630868406854,0.9875188895347018,0.96729877001081,0.9424292203558937,0.9522576613291268,0.9670404058009445,0.966142160079622,0.9756990210272883,0.9695912572082447,0.9800402055088536,0.9896771785592583,0.9767560258206569,0.9829054930063937,0.9700323435181335,0.969840809352259,0.9802977120580743,0.9761741645188357,0.9923446733148319,0.9688728500502062,0.9710288642153018,0.9369800279566415,0.9744316663439588,0.9807902083316603,0.9591932836579402,0.9803206724734039,0.948351531887944,0.973615058516928,0.9619804408707762,0.9819147119245405,0.9827055411661576,0.9885366862375098,0.9749124821588412,0.9788713522946545,0.9748603478131785,0.9716288474726023,0.9747487907590626,0.9749389199416529,0.9776210068709307,0.9763719085876678,0.9942637223904439,1.0000000000000002,0.9695124730987483,0.9786215622950609,0.9887269046755885,0.9931812295625013,0.9917344721506425,0.9895230712773296,0.9825887668603491,0.9784976826763403,0.9930051540296423,0.9898979641039525,0.9951438372750625,0.9825267149590461,0.963757302180706,0.9820328152250091,0.9790535926912216,0.9474648774135376,0.9797376478355305,0.9970778025363406,0.9886884996135056,0.9955115967471996,0.9844864149942744,0.9781314236816,0.9812302217697654,0.988535908685977,0.9951659342759492,0.9761526951374907,0.988460926606375,0.99403816570318,0.9751854005108352,0.9900136602088236,0.9875837220641287,0.9658705827321498,0.9804303041673519,0.9905429187322687
Bigrau Jasto Lagchha,0.9553445495629557,0.9582510231330501,0.9600109907711423,0.9600672572585774,0.9390006958541539,0.9560275894330683,0.9702954465672887,0.9600373544244036,0.965145290365716,0.9788592446221309,0.9723241725039766,0.9734260307635578,0.97757311401555,0.9724793237197936,0.9745762747552779,0.9782821255917988,0.9641153952480468,0.9578968382916565,0.9753948618030981,0.9775544539679599,0.9642109008708283,0.9279860682827334,0.9785580604535435,0.9808706746655657,0.974460916462084,0.9783802689954844,0.9721627229061928,0.9834541069135703,0.9741846067678994,0.9743365652933377,0.9412371093227858,0.9602059209701294,0.9703202389203363,0.8937109409544453,0.9268552496596469,0.9446455090475167,0.9228577495029888,0.9537502072771237,0.9377615974646255,0.9399421713155472,0.9744286006406636,0.9387987518258671,0.9668173388265271,0.9617637289398995,0.9721457996627593,0.9827893462882265,0.9758330926955283,0.9682588649330365,0.9703495429049432,0.9691454808137933,0.9456895468331377,0.9444381949507976,0.9741165918654628,0.9291549550086122,0.9631065511869858,0.9459039699615693,0.9624928965938574,0.9568771512965495,0.9800709395598289,0.9880506789949147,0.975939632393333,0.98447587017655,0.9815778680722007,0.9673562483291746,0.9372705327084557,0.9538915948889474,0.9584936462864434,0.9599721902310507,0.9499094763278589,0.9853806694670126,0.9695124730987483,1.0000000000000004,0.9919120102807071,0.957330298837435,0.9626859748553122,0.9657145955378152,0.9622188991560121,0.9712021608036441,0.9643516614868569,0.9638232020778349,0.9658056644760297,0.9767293253461757,0.9529030907189993,0.9303070933809173,0.9869225298736479,0.9449334664839643,0.962843083939178,0.9865042567738818,0.97472286605476,0.975072079306386,0.9762699675711836,0.9902550018507646,0.9951491309176368,0.9660354042936228,0.9660578429003508,0.9737913136945519,0.9576835243529305,0.9613634619556044,0.964840735616759,0.9577794334223194,0.9805858141953453,0.9609477366984399,0.9611544192368919,0.9895645040667485,0.9653415480556262
Bistarai,0.9692933680083745,0.9707988528922451,0.9715512150464152,0.9714119388195066,0.9573694704923742,0.972042892722961,0.9824183261708803,0.9779796170545385,0.9686966258386258,0.9855011536598772,0.9775230601734591,0.9787886332689237,0.9902370537519268,0.9878055521480285,0.9862948308351736,0.9761705206122402,0.9668768352431505,0.958739245252726,0.9706288981516537,0.9737276095669265,0.965966451478266,0.9345490068556737,0.9797616987889146,0.9754244578211518,0.9786237019586722,0.9872742369662063,0.9711862328805593,0.9885777187500111,0.980590580211186,0.9869861994014101,0.9558095617714178,0.9706893043229273,0.9767648056241843,0.9135130310246036,0.9279630554712203,0.949665782564794,0.9400951995624893,0.9616213045141323,0.9414746432048937,0.9584682528541371,0.9839079347437675,0.9548695867366365,0.9702268047032602,0.9601869377354212,0.9703965649704044,0.9789100661001763,0.9663408875877355,0.9772678997259812,0.9719128009714604,0.9677501250351759,0.9365006320722249,0.9534428456553395,0.9741960064880492,0.9346250767289737,0.9639708100418217,0.9463173907324621,0.9643230307028545,0.9556022196682185,0.9916462536280528,0.9944766781293614,0.9903198445471886,0.9891008571443629,0.9780722568528281,0.9720048474117974,0.9428347690836282,0.9569993611826642,0.9606241186707759,0.9623003859713165,0.9533582979544664,0.9902664254274628,0.9786215622950609,0.9919120102807071,1.0000000000000002,0.9757342585494759,0.979955356642389,0.9758637279354011,0.9713312905817073,0.9747281144658322,0.9766256498810464,0.9799384746810135,0.9714829378419316,0.9811051951603046,0.9687256007328883,0.94314130349562,0.9859910069678953,0.9711788497149964,0.9566307791369929,0.986215754016376,0.9864771791227235,0.9851397809765953,0.9882669421126207,0.991588590103132,0.9900887805391989,0.9795452691528461,0.9844127118399013,0.9856710752082984,0.9675173817411807,0.9756377789457085,0.9799325242500492,0.95879965383972,0.9891206431920456,0.9762939602973331,0.9681122223143034,0.9840545177822464,0.9805359704966725
Pani Paryo,0.9953161655928517,0.9934338522331762,0.980047113602768,0.9826302797647385,0.989413232826636,0.9848708689946363,0.9922200618565649,0.9903580240362527,0.9663686812200254,0.9693087275588794,0.9851959495757158,0.9824948938703774,0.9826170656086811,0.9849857328400071,0.9844921320234242,0.9776219859639348,0.9750254906718662,0.9542065667653925,0.9477223490454885,0.9604878315610947,0.9399220551618216,0.9689369245224196,0.9798992324622373,0.9775085646869209,0.9812345918184245,0.9871248394678053,0.9726422944368374,0.9833074505545109,0.9814149718697476,0.9855120507361101,0.9795308008996094,0.9917648110268241,0.9695187172555563,0.9687845740535669,0.9447294854968918,0.9820124184700453,0.9865596723715572,0.9871550082011453,0.9732149838486654,0.9920964429508246,0.9879122258098021,0.9803894028004341,0.9714701849434821,0.9710148385885623,0.9702546201511593,0.9778874329851422,0.9635660683443754,0.9940798976316313,0.9798079751370226,0.9587846345402844,0.9241370178211982,0.9793275144422221,0.9632328151783914,0.9781530415163908,0.9740254951124732,0.9388144085619087,0.9712318124146924,0.9561570439392524,0.9779645799289552,0.9852403439426762,0.9937304691306679,0.971284255492101,0.970513258653883,0.9720677869931169,0.9695779512975531,0.9686087070804074,0.9663951353233883,0.9738281723233432,0.9718669454435,0.9802001607705476,0.9887269046755885,0.957330298837435,0.9757342585494759,0.9999999999999998,0.9981591505964901,0.9820857301282867,0.9757731641727938,0.9608522256616345,0.9537517918148779,0.9855097969316469,0.9797450367599182,0.9811465170828784,0.992003647753574,0.9803563203579392,0.9797559827029273,0.9902032786104997,0.9354767330005179,0.9713424353421775,0.9909810366070916,0.993057244842091,0.9868737360001939,0.9809120481545125,0.9608546071842125,0.977404712891567,0.992501225664193,0.9857739251775146,0.9525472978396479,0.9834879863473306,0.9863357722052866,0.9721253192445941,0.9894369523933472,0.9949831522421979,0.9698353229120388,0.9658202094268429,0.9870837055073841
Timra Dui Aankhama,0.9929542824527183,0.9909675368253416,0.9880654808458149,0.9835114199717289,0.9893883005705395,0.9865257884526977,0.9947627614793728,0.989635464658655,0.9730635357846844,0.9742465073114256,0.9857093464655603,0.9837802987156568,0.9877300771623407,0.9861808453435333,0.9866823080727397,0.9801598287996501,0.9755304619050843,0.9578405764996651,0.9573937490989514,0.969810630485991,0.9476092356733112,0.9592827685894829,0.9860066449630415,0.9801889310570382,0.986889147687687,0.9919940986643829,0.9794995531048277,0.9886220978443625,0.9867040694492786,0.9879730690634015,0.9828882559492971,0.9925196575989302,0.9767350092119528,0.9634572731335862,0.943170517219942,0.977490517409785,0.9793714226109846,0.9846076231406091,0.9707772609598667,0.9872940016105514,0.9914614108359792,0.9815847010308378,0.9762707935263836,0.9742750341905099,0.9734617300081757,0.9807597761183418,0.9707960871156869,0.9938797916497962,0.9778522629535317,0.9673709293798707,0.9366867910085058,0.979762229817708,0.9698701279758039,0.9708825039566369,0.979131261391067,0.9505582175309327,0.975029724051525,0.9609739997029737,0.9851173896363753,0.9867290221214222,0.9948796390347999,0.9787542633755988,0.9765058804425363,0.9743539193708833,0.9698799603044658,0.972713882731959,0.9729694565073859,0.9775783863387177,0.9735419864153837,0.9849016391307717,0.9931812295625013,0.9626859748553122,0.979955356642389,0.9981591505964901,1.0000000000000002,0.9862327487017747,0.9828706889377573,0.9720698405674716,0.9635386428331888,0.9898494567523258,0.9861750170057049,0.9875252962964248,0.9915801837716253,0.9761645215795903,0.9814119891111001,0.9885088602800204,0.9476775941811104,0.9767262648643242,0.9957496464510274,0.9926537807947301,0.9924119399789342,0.9846100301261406,0.9695751472498183,0.9769584935555835,0.9929710519131884,0.9900340220894304,0.9596248482014765,0.9833581880351729,0.988996857136309,0.9761013571667664,0.9926630315127921,0.9946121689324848,0.9744173256098733,0.972035188948064,0.9866927881826724
Akorinchhu,0.9825300324016562,0.9836353804385829,0.9853422826339894,0.9940014708637444,0.9756404007518868,0.9956264854618784,0.9932591626908875,0.9861808304518643,0.9924219337643868,0.9904878624779679,0.9905501682393177,0.9956871669676156,0.9938497304480951,0.9895489951169018,0.9919878449572918,0.9873271267408807,0.9910981552343366,0.9838789288191627,0.9789929636221449,0.9809795004952174,0.9798103757071249,0.9464655148798797,0.9755367416421808,0.9744683177930233,0.9760496690860653,0.9771773053304821,0.9644430476835458,0.9732778183418218,0.9677660039764316,0.988350430904225,0.9694060705241576,0.9706239386146388,0.9632960288728915,0.9282324739902695,0.9675917202297385,0.9630696743995724,0.9563342417228194,0.9708988896394469,0.9735976595092062,0.9742000318028115,0.9886738488544589,0.9716879324383886,0.9923896196345527,0.9716312005672315,0.96829377981731,0.9783540482300477,0.9671784652856734,0.9911067486158652,0.9610872802968171,0.9764308136164629,0.9305901427423089,0.9772618073550582,0.9871671582789115,0.9465673161260064,0.9756954661098015,0.9484293838302338,0.9801321426093972,0.9698328770039153,0.9725005962240495,0.9822160258444882,0.9828150644398688,0.9633353636202499,0.9645030463326582,0.9827842290795769,0.9819512184692845,0.9797816960878116,0.9775013359235682,0.9780626118645306,0.9830272785031463,0.98964573514865,0.9917344721506425,0.9657145955378152,0.9758637279354011,0.9820857301282867,0.9862327487017747,1.0,0.9911841261583957,0.9851998613973536,0.9786800764843168,0.9905021085679295,0.9842884392795022,0.9909632271677559,0.9795308883582077,0.9570475476446885,0.9814577534382258,0.9833316303564136,0.9412688267548411,0.9785537261596866,0.9917616625202432,0.9862245315490936,0.9901522282215862,0.9831649441634784,0.9715380190943363,0.9840068204189711,0.985191592127651,0.9902056922602278,0.9795396420292997,0.9902776956473088,0.9921431856982997,0.9717302927087872,0.9796322898332744,0.9740495858934479,0.9503886311931468,0.9819271221881266,0.9866274058345946
Daya Baya,0.9740317526577366,0.9728134127851735,0.9914714467205453,0.9873395277913496,0.9691704679555768,0.9896129565898498,0.9882605770286909,0.9692613046066019,0.9902556770380345,0.9889896030987639,0.9883458298935521,0.9869846187428423,0.9870244069200435,0.9786391044321957,0.9817918210358137,0.9853591413011586,0.9823375228874706,0.9848997561128383,0.9807356685912367,0.9872669444271495,0.9731257190014472,0.9263661250818237,0.983606356381779,0.9776329379246465,0.9860988772133803,0.9802696154999884,0.9751727146002999,0.9785101044850839,0.9779445139315092,0.9847520177305724,0.9762380190739783,0.9734837054428446,0.9744020075625983,0.9282766909970617,0.9573503181473111,0.9576427800651723,0.9447790613122716,0.965127186042236,0.9746929344484221,0.9559256365460596,0.9922607857031862,0.985513896477838,0.9930385753326522,0.9778884810139841,0.9729115921928754,0.978261865027155,0.9709544184657929,0.9822840961821663,0.9583263226148897,0.9852021598908539,0.953610117806468,0.9783190511559251,0.9877305979637209,0.9380359709176699,0.9825013157255074,0.9681789152729824,0.9850787566601038,0.9805030963174411,0.9711904295102144,0.9768947862843265,0.9790173315927508,0.9641325710753327,0.9672091410352756,0.9848958693199024,0.9809935902989082,0.9848905504216673,0.9864755577711565,0.9844065100246906,0.9838018905659655,0.9853918052640276,0.9895230712773296,0.9622188991560121,0.9713312905817073,0.9757731641727938,0.9828706889377573,0.9911841261583957,1.0,0.9954785642666015,0.9760387399217265,0.9915524048464407,0.994026064147203,0.9946262158267618,0.9765381867789668,0.9588269522837536,0.9701778671444192,0.9674742127306363,0.9525674717736088,0.9829851949540791,0.9904891817796974,0.9725373030979901,0.9863920992876294,0.9763193193839674,0.9686381780578996,0.9647975029765015,0.971424004180928,0.9905305027230684,0.96418706619941,0.9772512486439702,0.9896017432319498,0.97819340146918,0.9806131259240324,0.9746646230438255,0.962607728695461,0.9839940538999858,0.9767998590025312
Kahan Dekhi Kahan Samma,0.9582589578519537,0.9577749290455969,0.9879146210583406,0.9763922103579027,0.9520976784032713,0.9794945909762743,0.981011513063414,0.9598000207788514,0.987550077178805,0.9890145970209374,0.9799083850713333,0.9796147651196712,0.9857186340207189,0.9731801144643765,0.9760013066361143,0.9809203295947302,0.973631606532358,0.9808999610046634,0.9865002375590999,0.9914397081706005,0.9763903562162135,0.9041856422220458,0.983000063041986,0.9744565170294051,0.9841324266416291,0.9775621441595643,0.9758879617688727,0.9782948721527936,0.9763526967715934,0.9807941949005748,0.9671897878186225,0.9623577731091911,0.9765220093397008,0.9045373372857538,0.9426331541873384,0.9407515917300469,0.9211950112502465,0.9507073965584426,0.9579303041783922,0.9364502736129277,0.9868427450644006,0.9697085071143002,0.9900403869644276,0.9734031422671422,0.9717883256493912,0.9769345651637401,0.9719576982619182,0.9711138181567153,0.9504102153224675,0.9880101317028982,0.963216270194231,0.9659204504029629,0.9888169226417473,0.9170120551352268,0.9778920211741535,0.9741158551711006,0.9797740458397635,0.978080849850108,0.9748998859692668,0.9753645490546848,0.9728769270718197,0.9707135614096332,0.9700274410178134,0.9798521962027286,0.9685837773517935,0.9804249493254075,0.9849298775592226,0.979490567663039,0.9750932073607319,0.9846868327219033,0.9825887668603491,0.9712021608036441,0.9747281144658322,0.9608522256616345,0.9720698405674716,0.9851998613973536,0.9954785642666015,0.9999999999999999,0.9803722633263484,0.985812884793667,0.9905848498828547,0.9929922588723483,0.9644897993983027,0.9408186340701084,0.9692194779856683,0.9540719536701554,0.9650468613843841,0.9859250450300501,0.9860593247713493,0.9644822480777622,0.9835402530547256,0.9772773174140749,0.978151471448769,0.9568773631191776,0.9628102781581487,0.9864234278115972,0.9654164840773704,0.96613326260444,0.9811802243839475,0.9729890129123774,0.9771665518760607,0.9630740945126481,0.961670926055221,0.9875089679279581,0.9668651088855733
Malai Angali Deu,0.9544131900179205,0.9575670166952986,0.9698049561789691,0.9749327689163843,0.9543795697421226,0.9763874897824267,0.975006451560336,0.9626470328999456,0.9787662774628187,0.980013616943067,0.9602372958420147,0.9685283616490867,0.9842486579455825,0.9763509804928582,0.9815464395636203,0.9590191352104593,0.9642083768696853,0.9610728810744968,0.9752947364721067,0.969392641311728,0.9838266293773771,0.8880775681263832,0.9627229687103065,0.9437998376201622,0.9561662890562728,0.9724197257079488,0.9470218876782137,0.9633523258684685,0.9584677371462688,0.9649487598864807,0.9348010786794873,0.9442473649106938,0.9412104217505527,0.8698927421381417,0.9253221375153221,0.905075905967938,0.9052910754056834,0.924624222106976,0.9201519657481686,0.9404230237936313,0.9692986326577256,0.9422768158845434,0.9659177529666352,0.9276489512757186,0.9332929540909735,0.9479141511818978,0.9385184884398797,0.9616570619609262,0.9240334352312997,0.9499823707204648,0.9042670392307038,0.9281276474674529,0.9681523131695533,0.8884994366713458,0.9402649997325805,0.9209322164239663,0.9400371813383275,0.9312157554695734,0.9727930148431253,0.9645974333684869,0.9688970134930088,0.9606069173396163,0.9484044623190556,0.9501733651078671,0.9338366007802567,0.9432572073496558,0.9480912792573778,0.9437300693587112,0.94106323204953,0.9858924916869877,0.9784976826763403,0.9643516614868569,0.9766256498810464,0.9537517918148779,0.9635386428331888,0.9786800764843168,0.9760387399217265,0.9803722633263484,1.0000000000000002,0.9807812727946909,0.9636651935782734,0.9769864417795822,0.9457255767060747,0.9059796310428323,0.9556343918795444,0.9598686159133537,0.9233913473711671,0.9632169735470165,0.9783650842874965,0.9608484292686394,0.9816943324416988,0.9629691777069846,0.9701248966090594,0.9730280847905661,0.9701664423002665,0.9827660654360157,0.9901241680757137,0.9771638041536663,0.9796749046872408,0.9311531237301708,0.9653546745880278,0.9521551252857288,0.9311856581331415,0.9672587126601628,0.979144022617861
Paisa,0.9825107213361786,0.9809073319678697,0.9883344705467717,0.9847968240443858,0.9757258185708333,0.9916802753811826,0.993061031261533,0.9867880295188018,0.9804706212100933,0.9849993269921449,0.9860331132482906,0.9839370595453302,0.9922756233256994,0.9900298833427683,0.9907083129110184,0.981456061737904,0.983360300657917,0.97630545228244,0.9745855292394199,0.9818292309058599,0.9675035303174262,0.9285567388339955,0.9854463572334784,0.9741954988581425,0.9861173157289684,0.9872414273140433,0.9765521083779277,0.9841411925752223,0.9833631911246067,0.9895815301426446,0.9829612645547975,0.980086087594635,0.9696848055142112,0.9414083581626189,0.9381705863795567,0.9572025600434475,0.9587443750387963,0.9663044555311129,0.964140333363985,0.9682028504318808,0.9907243201267184,0.9759345799780201,0.9871336438517816,0.9690561063514287,0.9718827186135212,0.9762123606304047,0.9604554309466553,0.9851535422657369,0.9588925843329675,0.9714729665072888,0.9401994439470486,0.975022395687593,0.9807817415393683,0.9451665712924494,0.9751806279104381,0.9568384016322672,0.9718505701522017,0.9645064628233386,0.9843407904880861,0.9841866187402092,0.9906608309854718,0.9738489075054649,0.9718860377918798,0.9771577678109127,0.9750913765811399,0.9818770793063238,0.9813502967171672,0.981961798126801,0.9808788236323026,0.9906375893081913,0.9930051540296423,0.9638232020778349,0.9799384746810135,0.9855097969316469,0.9898494567523258,0.9905021085679295,0.9915524048464407,0.985812884793667,0.9807812727946909,1.0,0.9910962478251159,0.9935861602139021,0.9871868009283356,0.9656428019344553,0.9762907176853683,0.9855611604313764,0.9515219140685414,0.9834917469065781,0.9958498006790151,0.9826942177450785,0.9946940453676012,0.9813991084749182,0.9709540476491225,0.9752379437058767,0.9859980494056869,0.9986072157169799,0.9698315795023378,0.9821671061645237,0.9961408189776428,0.9755265712559366,0.9895960785233746,0.9867094544925508,0.9720632210703464,0.9741299613003739,0.9881142349850162
Samarpan,0.9774082512677674,0.9744951646326032,0.9931124790896859,0.9778822160804265,0.9701371006123014,0.982739024021787,0.9888342516665584,0.9716490848184793,0.9804882120661718,0.9787510444604356,0.9873339920614068,0.9805394946971857,0.9830673428158745,0.9744801532031474,0.9766516329936088,0.9862804951186521,0.9783094506023677,0.9743060059048761,0.9730832901039547,0.9878182192749039,0.954005151721436,0.9304556039395223,0.9943640984251622,0.9874528536842248,0.99554164039977,0.9873175423225304,0.9908624505216113,0.9879726684154606,0.9902061119792193,0.985081565878889,0.9877844086060034,0.985499762793028,0.9837136547359574,0.9469374399599938,0.9411317144713107,0.9683992591628351,0.955658081062533,0.9731259965079619,0.9761539680465278,0.9584318426782111,0.992431884596208,0.9823561983047052,0.9900933206872092,0.9875062411895734,0.9847262981929737,0.9873191454971156,0.9791311521754753,0.9833177899654403,0.9700177045004789,0.9862395995766396,0.9696981526617399,0.9843534876370446,0.9838883607606559,0.9546793257646388,0.9903887992672954,0.9777876648467984,0.9857663394177292,0.9819333628946655,0.9790899257507292,0.9812018908484722,0.983596752865459,0.9769648669958593,0.9821680807016265,0.9828644868737643,0.9820724673494037,0.9916798485462219,0.992348187728286,0.9922591950513052,0.9876332210551918,0.9840323938848785,0.9898979641039525,0.9658056644760297,0.9714829378419316,0.9797450367599182,0.9861750170057049,0.9842884392795022,0.994026064147203,0.9905848498828547,0.9636651935782734,0.9910962478251159,1.0,0.9970272369404323,0.9846093404495133,0.972394684491148,0.9774423791488208,0.9660668564691208,0.9694354174712577,0.9877674540616106,0.9930473737038518,0.9761724442289529,0.9864561455916939,0.9819055839939168,0.9734760678045042,0.9560440359277664,0.9721099147088319,0.9907273151846484,0.9521058969072053,0.9671722145016589,0.9848009579034722,0.9893611321449156,0.9884516091283205,0.9840507665823415,0.9807567110110589,0.9826654633746671,0.972557862316522
Samjhanchu,0.9811250050838983,0.9807932792928421,0.993593315460888,0.9853996163636999,0.974621718492046,0.9876097671100776,0.9923383502414974,0.9769821857327752,0.9897975432841748,0.9866272620764948,0.9904421807300849,0.9882178567882696,0.9912289452354365,0.9818003274841153,0.9870599520167511,0.9896707721341864,0.9860278927721734,0.9795230676426363,0.9819975200598101,0.9909695736891958,0.9701578892711124,0.9363918552480219,0.9937955109040805,0.9880898110579603,0.991910866598189,0.9907564035592705,0.9871512792726043,0.9891100772993648,0.9878879652322565,0.9872789957203567,0.9786319082982511,0.9838831378520845,0.9802011593508785,0.9336153627633682,0.9505301327800724,0.9657382925924268,0.9529752864795172,0.9722837550321123,0.972493474121357,0.9652134434853601,0.9922911266137007,0.9777687594318565,0.9915148169741662,0.981015980367122,0.9804500461923608,0.9869874139496203,0.9813937498394939,0.9872622513592351,0.9713435101429605,0.9862565678236435,0.9587336452556147,0.9796676060810844,0.9901643603927982,0.9506581407224373,0.9882104633177472,0.9683174142123274,0.9841678637922738,0.9786186017695441,0.9834689146177837,0.9859804626561207,0.9867205474494006,0.9798940625238297,0.9832814005712363,0.984818351886267,0.9776605877392597,0.9863869218430821,0.9861918834299335,0.9861955420255724,0.9836079164492316,0.9933362043098771,0.9951438372750625,0.9767293253461757,0.9811051951603046,0.9811465170828784,0.9875252962964248,0.9909632271677559,0.9946262158267618,0.9929922588723483,0.9769864417795822,0.9935861602139021,0.9970272369404323,0.9999999999999999,0.9806518798803541,0.9633161906505583,0.9845481151955965,0.9704830693357482,0.9642514730829356,0.9891665871611102,0.9966814453730679,0.9826500809771277,0.992359077371245,0.9877495787586206,0.98383647429433,0.9715606280450212,0.9802800719453213,0.9953109339001681,0.9707149094252564,0.9790799721809444,0.9905962951694649,0.9835236520506071,0.9898722722397675,0.9826260165051302,0.9730996662811459,0.9896699311914499,0.9819946504208592
Bujhideu,0.9867358728290795,0.981901963321636,0.9752350846749933,0.973417758007544,0.971748468703742,0.980906456414532,0.9886494178989795,0.9905121173263736,0.9572595169900893,0.9687538356187094,0.984829160018244,0.9776765412091003,0.9775515219616824,0.9849827900023749,0.9782447066992427,0.9817895420411464,0.9754697104752397,0.9622084185120676,0.9543369578276835,0.9700624126460338,0.9360980106344735,0.9522890289444147,0.9816610876985825,0.9793063884165676,0.9873972935788651,0.9793495087099565,0.9776076151307199,0.9825230050716999,0.982283703174056,0.988309111086234,0.9930738746949184,0.987144141146098,0.9712926748084124,0.979407182860147,0.9316999208619434,0.9794792305561244,0.9847192206938894,0.984441039756535,0.9753403116031424,0.9746665773670169,0.9890724900929283,0.9749291615573056,0.9799486888213546,0.9821195695052231,0.9842844007448368,0.9842869060101047,0.9629556771815153,0.9894380062773646,0.9727799751613052,0.9644558801945682,0.9467204052032423,0.9863234487454546,0.9663259137595689,0.9764728583892907,0.9780936859473567,0.959281883683513,0.9742900268217599,0.9639602614114325,0.9771019396563351,0.9852157607205371,0.9894623693070671,0.971263070113277,0.9759967835568436,0.9734501426680244,0.9818787614991538,0.9848560223341568,0.9838727286066573,0.9895847571005163,0.9864766221661109,0.9755617913194289,0.9825267149590461,0.9529030907189993,0.9687256007328883,0.992003647753574,0.9915801837716253,0.9795308883582077,0.9765381867789668,0.9644897993983027,0.9457255767060747,0.9871868009283356,0.9846093404495133,0.9806518798803541,1.0000000000000002,0.9903045104400952,0.9797410852003917,0.9878208645206311,0.9566537875992838,0.9806146746253525,0.9875044897495746,0.9869026490136467,0.9849526581110291,0.9819694709153661,0.9572884736319043,0.9621329257946153,0.9809897135434464,0.9849134832984364,0.934715994877156,0.9679725735719573,0.9838772108003717,0.9860449715012592,0.990207592854465,0.9934678404261525,0.9824594045753258,0.9616344299489951,0.9756221265602738
Chaar Dewar,0.9799409502245607,0.9734818881823408,0.9534205192049214,0.9569381566077005,0.9606230247828493,0.9603701090727783,0.9667919890591485,0.9695635293384378,0.937795033888322,0.9475019241070916,0.9784537049626479,0.9633590676829027,0.9538025771480125,0.9631847080062352,0.9565530960856327,0.973592693922542,0.9639124139513766,0.9494863174308987,0.9300576694386726,0.9522155045467503,0.9049781714073664,0.9618865478908829,0.9671455481048605,0.974762183892679,0.9758154068103756,0.959031941990008,0.9647066815668608,0.9653746845515055,0.9676869439058977,0.9734707784081245,0.984551301278121,0.9847215540900061,0.9611336408678088,0.9894271810069643,0.9316008417954237,0.9881039622215451,0.9893098117107085,0.9895481945589805,0.9835593724926577,0.96451569690864,0.9765287560946772,0.9750718344524716,0.9657764161627453,0.9817337720233886,0.9809742090932235,0.9758000449989476,0.9548234844943372,0.9775440144307551,0.9766062092444318,0.953937671044393,0.9420341396300287,0.9897152513528885,0.9529758977259833,0.9878138068517381,0.9766053612652902,0.9508689676168512,0.9721285252299174,0.9648592983178127,0.9490088174173661,0.9698801210388713,0.9684053635624085,0.9481067001810465,0.9658945525846124,0.9699787004003219,0.9793030538722427,0.977218041195992,0.9715086624117877,0.9818510103101044,0.9811194770638462,0.9542888376788186,0.963757302180706,0.9303070933809173,0.94314130349562,0.9803563203579392,0.9761645215795903,0.9570475476446885,0.9588269522837536,0.9408186340701084,0.9059796310428323,0.9656428019344553,0.972394684491148,0.9633161906505583,0.9903045104400952,1.0000000000000002,0.965248424703166,0.9670378674459631,0.9413206431977208,0.9667400488982615,0.9686453179241978,0.9723643295308153,0.9613147978731901,0.9649966037343725,0.9323633359657322,0.9408312600740817,0.9593283533331252,0.962959961924292,0.8961862354158756,0.9474041091125079,0.9663885715330999,0.984833362936005,0.9739509413883143,0.9858274715680863,0.9726035452667988,0.9475499983234094,0.9553663362570326
Hera Na,0.9798892279706652,0.9807640118515829,0.9712649569132275,0.9750246430434294,0.9603480018827969,0.9744970107835325,0.9854421882752734,0.9827154176787527,0.971399705754288,0.9797165903030773,0.9877727917972808,0.9872972363077641,0.9839301038771542,0.983855840291469,0.9843091678325442,0.9905833943178768,0.9828845744538018,0.9685031497398957,0.973241674594864,0.9811825346301043,0.960079230572136,0.9611767042521497,0.9835074236976217,0.9911327015129419,0.9823841439516793,0.9815267842430718,0.9775867502087316,0.985880616152116,0.977921251015137,0.985952438491084,0.9654478783901399,0.979266598679909,0.9759182544475049,0.9390696517256051,0.9469512457360889,0.9763892460748393,0.9629276310757098,0.9817011139299509,0.9669222021973424,0.9694306685880922,0.9830618116570855,0.9561630656408495,0.9811161623054945,0.9797806983397827,0.9862871572467391,0.9924467820215407,0.984625830750213,0.9892414711038897,0.9851440316134911,0.9779823393670829,0.9498385581209088,0.9762573937730205,0.9830853049613928,0.966231907732755,0.9828619552750344,0.9563526542876831,0.9793901388459488,0.970085382879075,0.9819159947781536,0.9942950316366237,0.9851778261414752,0.9827799580557023,0.9889120126278673,0.9807871722489423,0.9677484617129574,0.9760794692548024,0.9742187711394528,0.9790489616671669,0.9756171300495464,0.9877534674784121,0.9820328152250091,0.9869225298736479,0.9859910069678953,0.9797559827029273,0.9814119891111001,0.9814577534382258,0.9701778671444192,0.9692194779856683,0.9556343918795444,0.9762907176853683,0.9774423791488208,0.9845481151955965,0.9797410852003917,0.965248424703166,1.0000000000000002,0.9710940250273896,0.9661238187727352,0.988670048711971,0.9864902948597112,0.9910542275481059,0.9852815176092659,0.9976112386009944,0.9885577376341562,0.9759768324125166,0.9797960786566304,0.9816274672178104,0.9558610399349156,0.972204427838568,0.9784807296666688,0.9806928248686457,0.9883850014586651,0.9783521980797126,0.969933584023174,0.9862576970472685,0.9738186335998867
Thamana Haat,0.9851713148330935,0.983672087946782,0.9669211057115329,0.978753875738489,0.9761300803039704,0.9860272857481337,0.9865105539365847,0.9971707282550374,0.9596662841515733,0.970220638976449,0.9765679855524889,0.9780960765697162,0.9844400983160813,0.9919745295417318,0.9858293516458096,0.9672489651259448,0.9725787310487234,0.9545265814112047,0.9449429586882209,0.9515680853814994,0.9463745892931048,0.9501922075903905,0.9608727005403854,0.9553920630435271,0.9644534486251449,0.9710308298245394,0.9499183456523531,0.9666689630924467,0.9621989085324362,0.9855918206702643,0.971822799597117,0.9716407358405769,0.9507788540599603,0.9530997778444238,0.9352181606016671,0.9608224843624414,0.9751104326967059,0.9706363651094663,0.956840438879944,0.9836153283950186,0.9792707300687746,0.961091261282884,0.9691673826189655,0.9536213642482827,0.956713435740974,0.9630172317192872,0.9370453405554021,0.9852307040135541,0.956815197893762,0.9444738194766434,0.9007805738467455,0.9681209752286468,0.9580424637837046,0.9550318604098985,0.9543329675455171,0.9235101528057125,0.9559696281916618,0.9405795989246414,0.9726196874953112,0.9795710932589679,0.9871487246399876,0.9593270322290764,0.9525104189070613,0.9633025377429185,0.965324998908014,0.9621345691335143,0.9580425945130521,0.9638106685895481,0.9669971314649156,0.9754274221068272,0.9790535926912216,0.9449334664839643,0.9711788497149964,0.9902032786104997,0.9885088602800204,0.9833316303564136,0.9674742127306363,0.9540719536701554,0.9598686159133537,0.9855611604313764,0.9660668564691208,0.9704830693357482,0.9878208645206311,0.9670378674459631,0.9710940250273896,1.0000000000000002,0.9219052244285797,0.9632848076613767,0.9839002124166227,0.9881912607276672,0.9841343178744998,0.9732142326444401,0.9489966656404543,0.9813475385851338,0.9921192210836499,0.9825023913731498,0.9583149834733451,0.9829149428795604,0.9859563210899139,0.9572468385004856,0.9785225796042344,0.9832237947058065,0.9533664867050627,0.9510688596648122,0.9866113151487073
Maya Meri Maya,0.9265402303430263,0.9213100790348312,0.955348050360792,0.9199575708168984,0.9045199708223041,0.9287523335314899,0.9502046325751234,0.9385203151100571,0.9303802058501877,0.9486214321776153,0.950151250305681,0.9400748132508985,0.9494425595413046,0.9437818694645234,0.9379357161360449,0.9622882245058972,0.9349471122115697,0.9381981049000756,0.9590262873635061,0.9771161849048956,0.9183783276109788,0.8826071972140153,0.9756153910519169,0.9724347337342231,0.9806399299478398,0.9587545056537634,0.9810612555875196,0.975474024356021,0.972597796372456,0.9605578092454679,0.9654483311777845,0.9517170889161932,0.9783852647871423,0.9204113241258467,0.875314262800594,0.9353185237696707,0.912226182344735,0.9415466775090152,0.9276941421894943,0.8983578225483962,0.96138211041345,0.9279928391533073,0.9598888469751281,0.9741850757654724,0.9839460002518714,0.9768715805220614,0.9736454473517879,0.9439561735112376,0.9482825723951916,0.9735326350336219,0.9921292083541123,0.9519933983029415,0.9591669153500741,0.9204592818802346,0.9706327246682044,0.988898663177851,0.9601043635567417,0.9605492385484581,0.9707591880170529,0.9654125854193281,0.9540854919241247,0.9778395282029453,0.9831150450650796,0.9519065807456975,0.9405587315908811,0.9695870438173665,0.9789095500293161,0.9752695964798485,0.9571918600431949,0.9528404600717264,0.9474648774135376,0.962843083939178,0.9566307791369929,0.9354767330005179,0.9476775941811104,0.9412688267548411,0.9525674717736088,0.9650468613843841,0.9233913473711671,0.9515219140685414,0.9694354174712577,0.9642514730829356,0.9566537875992838,0.9413206431977208,0.9661238187727352,0.9219052244285797,0.9999999999999998,0.9813343382073325,0.9591111940178766,0.945284813622921,0.9594601145638295,0.973505437181876,0.9721763855643482,0.907789251156875,0.92979611526914,0.9547169149292132,0.8981686259023138,0.9069843336813624,0.9406699619135335,0.978152296410773,0.9702961081524483,0.9499007199186312,0.9824422555755107,0.9613384121626865,0.9173201319759932
Suna Suna Sundari (From Nango Gaun),0.9688633432262176,0.9670646750248642,0.9740003391883516,0.970444182813694,0.9489389842302695,0.9723926971538908,0.9811832739817401,0.973672462338883,0.9713172009864891,0.9878963744287762,0.9883828167468102,0.9824519666535486,0.9843024201733966,0.9839427392723787,0.9807284690277527,0.9924010254145398,0.9787388290810651,0.9796086640109789,0.9845400721773081,0.9929125836156556,0.9651077771989328,0.9322039432384176,0.9893172245395895,0.9905720907536193,0.9928311519292887,0.9813691329876036,0.9847953919656103,0.9900427193003047,0.9856569269270833,0.9907224460849167,0.9769405328073532,0.9761032598332489,0.9836484439466071,0.935831621204195,0.9368241641616146,0.9638537696456635,0.9483113122561493,0.9719937148777769,0.9662153729960906,0.9459182944018157,0.9915326253926139,0.9662854739847875,0.9888870921856597,0.9864877407277285,0.9938675065566189,0.9942476780271684,0.9808554268107662,0.9798702007974608,0.9752203120851878,0.9859468577832005,0.9731292606028676,0.9762978238349387,0.9876583319259529,0.9490189637373756,0.9843298561476999,0.9779824389437699,0.9832921342711214,0.9813246542092193,0.9833062797423584,0.9935929068854015,0.9833825811856571,0.9840598038297166,0.9895605747350731,0.9856213430629268,0.9721130281915167,0.9856884442684213,0.9887834719168691,0.9896778370414038,0.9823909968821393,0.9881871849338012,0.9797376478355305,0.9865042567738818,0.986215754016376,0.9713424353421775,0.9767262648643242,0.9785537261596866,0.9829851949540791,0.9859250450300501,0.9632169735470165,0.9834917469065781,0.9877674540616106,0.9891665871611102,0.9806146746253525,0.9667400488982615,0.988670048711971,0.9632848076613767,0.9813343382073325,0.9999999999999999,0.9863455297214666,0.9802199154772405,0.9864532594303176,0.9939136836577367,0.9864785928712481,0.9628107328291275,0.9695477158962796,0.986836883293955,0.9464051156272127,0.9634864904521168,0.9818154019210263,0.9873204667507384,0.9913029501359807,0.9792073249143656,0.9833799891696184,0.9895346255781795,0.9697634734725744
Aansu Ko Artha,0.9890861630052157,0.9883240827615277,0.9926912897376656,0.9872893238573249,0.9836598633810699,0.9903810557900078,0.9963433085101899,0.9877215740339679,0.9846502937024626,0.9847353449006735,0.9896221648123689,0.9881445438969739,0.9947136522807093,0.9892275543757015,0.9916824533765235,0.9864767917987276,0.9833925111899056,0.9710942444836053,0.9741259767171392,0.9837080613944498,0.9651555355936666,0.9462731332604037,0.9920396149357867,0.9843790277935607,0.9906359493692789,0.9947712999734034,0.9843756989253778,0.9916838041233927,0.9897175303097264,0.9909866326077353,0.9808477536261901,0.9894661308758208,0.9804060462653033,0.9456975840082086,0.946700403509153,0.9691441113452232,0.9653219369836603,0.9783566960585787,0.9693070969849612,0.977876301002136,0.9940812922351342,0.9787038009533211,0.9861775785334084,0.9766264176146114,0.9779534036362397,0.9849331088339015,0.9763182958475196,0.992335086930694,0.9754161938958669,0.9785529480524331,0.9480592493011337,0.9794008917876091,0.9839065753853495,0.958224164050641,0.9841862952473804,0.9604227329089283,0.9794355994541015,0.9697890169376302,0.9901718619512925,0.990346013692568,0.994000755486452,0.9846447069619743,0.9834126763808577,0.9813237849278226,0.9731201391240123,0.9804452922988555,0.9803856786073224,0.9822088131048169,0.978641215864309,0.9943125555721215,0.9970778025363406,0.97472286605476,0.9864771791227235,0.9909810366070916,0.9957496464510274,0.9917616625202432,0.9904891817796974,0.9860593247713493,0.9783650842874965,0.9958498006790151,0.9930473737038518,0.9966814453730679,0.9875044897495746,0.9686453179241978,0.9864902948597112,0.9839002124166227,0.9591111940178766,0.9863455297214666,1.0,0.9907741467300544,0.9968114161996487,0.9897884533167276,0.9821210530358364,0.979945959780148,0.9910299330346102,0.9967631222752835,0.9728571284274542,0.9850064166391375,0.9937894726094016,0.9797205338410145,0.9942109917457382,0.9906813996987536,0.975337274439725,0.9837446722906993,0.9888778648603521
Fewa Talma Saili,0.991967573906853,0.9922300612823083,0.9729289742651148,0.981980383462168,0.9821875572974244,0.9810151650646073,0.9892767252021754,0.9942376886953661,0.9722580396303647,0.9780959320725335,0.9887847850354213,0.9893804017454567,0.9897375362944818,0.9920437903842582,0.9920526989072644,0.9862422937499259,0.9824753043602373,0.9620694194264758,0.9626214784727259,0.9696411207958772,0.9555923698188256,0.9718303984146157,0.979620417382574,0.9825975734243527,0.9795813563570062,0.9848549151399655,0.971621879516881,0.9844063840724031,0.9772281832852092,0.9903810783240985,0.9721866798883838,0.9862073379176725,0.967654459030586,0.9538786865258583,0.9515904796976273,0.9798536010466737,0.9798249809498962,0.9872078258145578,0.9696520696304162,0.9880366441104093,0.9880487584733877,0.9659244233424998,0.9758058816492132,0.972408654759884,0.9757793976377356,0.9854575092361199,0.9708909846933682,0.9944207223836031,0.9830748342967647,0.9624032521137742,0.9271435072826774,0.975614854402123,0.9726075706978562,0.9737749295868744,0.9734865018499641,0.937953428450713,0.9724050125007597,0.9582306886954345,0.9813742413909631,0.992951010165918,0.9919678996619287,0.9775258859634001,0.978255638636664,0.9763302279227023,0.9677273710396244,0.9678099799627173,0.9656450832662343,0.9728434539253639,0.9723449842378049,0.9889454167057447,0.9886884996135056,0.975072079306386,0.9851397809765953,0.993057244842091,0.9926537807947301,0.9862245315490936,0.9725373030979901,0.9644822480777622,0.9608484292686394,0.9826942177450785,0.9761724442289529,0.9826500809771277,0.9869026490136467,0.9723643295308153,0.9910542275481059,0.9881912607276672,0.945284813622921,0.9802199154772405,0.9907741467300544,1.0000000000000002,0.9908425029024196,0.9922458020366787,0.9764980194079586,0.9885953466351078,0.995471001453352,0.9861675576633557,0.9637955211998781,0.9875597667922045,0.9868712782295895,0.9725400601840838,0.9908371320167668,0.9898710808303495,0.9663366579877071,0.9772150434684675,0.989866373244502
Fulai Fula Dinchhau ki - Remake Version,0.9839332789017192,0.9834316283603526,0.9857088983151352,0.9817368818143274,0.9778578865825329,0.9846343043218996,0.9920424418246325,0.9894422983983054,0.9799357444288188,0.9852054481814685,0.9855739183590996,0.9864878785106881,0.9946155410434455,0.9926000978310943,0.995401173318492,0.9855166332527624,0.9828976167929134,0.9711485774927273,0.980764347418496,0.9854417938627151,0.9711656866740617,0.9392993158133249,0.9880830953801089,0.9805279968226626,0.9873502443460865,0.9915989471635301,0.980031100315653,0.9908540338059643,0.9851702050657973,0.9899616306329683,0.9781098181150263,0.982888829321606,0.9720718239870711,0.9413351246742091,0.9384354298165932,0.9612743008946981,0.9618362561389012,0.971731310394129,0.9588064185786468,0.9723910565029471,0.9903113392793842,0.968723205896744,0.9822271653356399,0.9687486910146955,0.9744827369560751,0.9814053621692318,0.973280139864494,0.9882726080163807,0.9663177953151548,0.9713065168420696,0.9422598498716115,0.9706850603836502,0.9809239221788263,0.9508605723344186,0.9764101106935177,0.9551475742857718,0.9708552911622362,0.9599103957819127,0.9911154787402754,0.9894606998336655,0.9926840974923435,0.982959469093592,0.9814629822213609,0.9746198166999507,0.9653581142737933,0.9736277473122532,0.9762726892662626,0.9776715036696392,0.9736812800801397,0.9953163022565479,0.9955115967471996,0.9762699675711836,0.9882669421126207,0.9868737360001939,0.9924119399789342,0.9901522282215862,0.9863920992876294,0.9835402530547256,0.9816943324416988,0.9946940453676012,0.9864561455916939,0.992359077371245,0.9849526581110291,0.9613147978731901,0.9852815176092659,0.9841343178744998,0.9594601145638295,0.9864532594303176,0.9968114161996487,0.9908425029024196,0.9999999999999998,0.9909439963990809,0.9844392271378397,0.9829602039939044,0.9912026029448187,0.9970266226079942,0.9735980470422377,0.9848020095363935,0.994819003840645,0.9754808902888621,0.9945934055607443,0.9877041149379242,0.9738229554895125,0.9796337482307349,0.9887706839410322
Mangali,0.9777516485215808,0.9778212012323116,0.9757744648721097,0.9738655664466238,0.9613081389037396,0.9743892760463703,0.9862372780701183,0.9841332747896893,0.9730397997773877,0.9848793058570765,0.9883973832953569,0.9875157156223069,0.9890659251899193,0.9880127000948721,0.9874749891129406,0.9914128184501171,0.9807230255984775,0.9703795793105428,0.9787006538404238,0.9858122913400263,0.9636691840722859,0.9530606611507569,0.9875172584098246,0.9916687317245111,0.98834597116364,0.9858087139483659,0.9826058903441003,0.9916327333415977,0.9833944111772734,0.9915682744078541,0.9725021352565776,0.9805212969698536,0.9816125366495092,0.9399390172384062,0.942011075955422,0.9731302012817412,0.9602179749631791,0.9796818615056281,0.9642569123966518,0.9654971863213374,0.9884882348908746,0.960332495748576,0.9829586298400017,0.981730601077585,0.9888273939093516,0.9940811467109675,0.9850997551730405,0.9875473007904864,0.9829334548869146,0.9803264030267614,0.9573422958018675,0.9751999155779251,0.9841169753446787,0.9605440695532848,0.9827554962525863,0.9638557361768855,0.9804626460726352,0.9720300799614254,0.9882166514131616,0.9971234427887308,0.9893075045567021,0.9882478249572708,0.9904239387320598,0.9822767801911947,0.9664635389000984,0.9770852194199652,0.9784036664379038,0.9815670167645986,0.9759043282908966,0.990788041742288,0.9844864149942744,0.9902550018507646,0.991588590103132,0.9809120481545125,0.9846100301261406,0.9831649441634784,0.9763193193839674,0.9772773174140749,0.9629691777069846,0.9813991084749182,0.9819055839939168,0.9877495787586206,0.9819694709153661,0.9649966037343725,0.9976112386009944,0.9732142326444401,0.973505437181876,0.9939136836577367,0.9897884533167276,0.9922458020366787,0.9909439963990809,1.0,0.9922129120671895,0.9767649376084511,0.9831385957868767,0.9866302380243885,0.9578854331592206,0.9736557248321366,0.9824323982644001,0.9825162243314299,0.993568772662129,0.9820604115418569,0.9776027707057218,0.9889211571939717,0.976640683425156
Nabheti Nabheti,0.9590683404939712,0.9613397884937795,0.9719419229277038,0.9612115773633503,0.9473603147765011,0.9596383081649964,0.9746012940673295,0.9635616738148455,0.971394141347846,0.9777490638331657,0.9724211923602621,0.9742637453668955,0.9821192138864457,0.9726425321925156,0.9784241967766928,0.979181668905142,0.9672324906495708,0.9584948670367118,0.9812140607635712,0.9849934345649377,0.9666551940970101,0.9241026958050403,0.9844459652178683,0.9828742855628401,0.9794578909385255,0.9838569524056181,0.9791587192968768,0.9877101606706435,0.9786260811258553,0.9750898651041469,0.9501271098894537,0.966484684475787,0.9751290538482386,0.9010396906177738,0.9242688043191458,0.9462530216299485,0.9266285045310315,0.9558308270585713,0.9379082127460897,0.9441572655907392,0.9749320860728737,0.9419691835194497,0.9700500135925719,0.9633771900886074,0.9730434033344254,0.981783643741313,0.9839863962284264,0.9708291099559941,0.9675636144695552,0.9758046256423292,0.9540847813688578,0.9508814417821377,0.9797314503095004,0.9302108152575594,0.9723774674784079,0.9566345910095412,0.9655607971464285,0.9586401504321302,0.9869125321780379,0.9856507879560874,0.9771196735298414,0.9887697826746198,0.9874807146804168,0.9676501802471098,0.9403442557840029,0.9594149583481372,0.9642359158386993,0.9637265968040716,0.9536650883133931,0.9885353711471728,0.9781314236816,0.9951491309176368,0.9900887805391989,0.9608546071842125,0.9695751472498183,0.9715380190943363,0.9686381780578996,0.978151471448769,0.9701248966090594,0.9709540476491225,0.9734760678045042,0.98383647429433,0.9572884736319043,0.9323633359657322,0.9885577376341562,0.9489966656404543,0.9721763855643482,0.9864785928712481,0.9821210530358364,0.9764980194079586,0.9844392271378397,0.9922129120671895,0.9999999999999999,0.9666746950230418,0.9699860364951439,0.9795240826031681,0.9642991118410179,0.9622907821064586,0.970758631067369,0.9655562450043468,0.9840052570207812,0.9642755765097277,0.9656493744863361,0.9888744828170885,0.9652015414087737
Pilayo Sathile,0.9820351708147085,0.9863958155493094,0.9580674529801402,0.9849983399551857,0.9758932896486693,0.9794741903516354,0.9772071258884258,0.9837055145613287,0.9778202611867776,0.9802340846255433,0.9800467278480803,0.9876293551458595,0.9886644200199396,0.9893148574569727,0.9946734979111433,0.9738663694762091,0.9823092510553872,0.9638938312513652,0.9626470495752253,0.9576021779387476,0.9741074842806464,0.9595618349649861,0.9562332360666319,0.9593962483535555,0.9530733612485273,0.968967022425737,0.9396588559768463,0.9622562546441304,0.9510618985536917,0.9784076239113,0.9399377977986085,0.9637139471989022,0.9405406451399178,0.9111735349958204,0.9615831361458532,0.953457403839493,0.9556733733221655,0.9659379202615795,0.9522044334655586,0.9805906543348435,0.9733409930154407,0.9528334572464402,0.9658672300371811,0.941035419374695,0.945630237971072,0.9601727447020293,0.9477057051422436,0.9823543317332769,0.9608619309447131,0.9461865107921473,0.8853597633962691,0.9538844470315577,0.9702247566606862,0.9416886949000116,0.9515880159243171,0.9040309484932946,0.9550090367759249,0.940361211620183,0.9642443775034187,0.9791049453257662,0.9764494118252529,0.9539372082590397,0.9525087784467213,0.9680197663769388,0.94939392893431,0.943725332931442,0.9385349619007428,0.9448337677263156,0.9516867534218333,0.9874849377523367,0.9812302217697654,0.9660354042936228,0.9795452691528461,0.977404712891567,0.9769584935555835,0.9840068204189711,0.9647975029765015,0.9568773631191776,0.9730280847905661,0.9752379437058767,0.9560440359277664,0.9715606280450212,0.9621329257946153,0.9408312600740817,0.9759768324125166,0.9813475385851338,0.907789251156875,0.9628107328291275,0.979945959780148,0.9885953466351078,0.9829602039939044,0.9767649376084511,0.9666746950230418,0.9999999999999996,0.9904757248448472,0.9794175631793421,0.981653772929384,0.9960293065706942,0.9865135760132062,0.9430807032027076,0.9711541206255098,0.9693378841839037,0.9288733184204429,0.9702660659038513,0.9927950683510488
Dashain Tihar,0.9886145555967267,0.9894683074702164,0.9760867890510485,0.9808898723108653,0.9865798113881968,0.9828812792234812,0.9888912039638678,0.9938279542891312,0.9716510021875124,0.9745980334589714,0.9801084374249635,0.983084849499854,0.9919527396838838,0.9908879625507805,0.9923163744222312,0.9729503865789422,0.9746635901443186,0.9525184217601347,0.9538676551698041,0.959351539573143,0.9538363358381611,0.9574625515978127,0.9737499673106624,0.968244171189406,0.9721087352431477,0.9856242242953496,0.9639860852378414,0.9797524425756154,0.9735821523101071,0.9867822991802957,0.9674381609989922,0.9808417483644919,0.9607784868314377,0.9416653809888276,0.9404664137254269,0.965129136494466,0.9707996939615774,0.974084964255722,0.9553429093842121,0.988895102018921,0.9829178624875798,0.9626463331602398,0.9677010160010467,0.9560533605323157,0.9589814641724498,0.9709051443130029,0.9549719405929257,0.9878384008358007,0.9696237381050934,0.9514673130737592,0.9082757063326139,0.9639825026423312,0.9642694567733352,0.957350147387077,0.9611592407291816,0.9243755825664582,0.9598873612011531,0.944106245957228,0.9827074288202023,0.9860626366494937,0.9926880358651224,0.9740755220210181,0.9654272819629669,0.9668395873133407,0.9560821955646197,0.9568672409315397,0.9544474052138925,0.960170820492117,0.960285155671387,0.986911569260262,0.988535908685977,0.9660578429003508,0.9844127118399013,0.992501225664193,0.9929710519131884,0.985191592127651,0.971424004180928,0.9628102781581487,0.9701664423002665,0.9859980494056869,0.9721099147088319,0.9802800719453213,0.9809897135434464,0.9593283533331252,0.9797960786566304,0.9921192210836499,0.92979611526914,0.9695477158962796,0.9910299330346102,0.995471001453352,0.9912026029448187,0.9831385957868767,0.9699860364951439,0.9904757248448472,0.9999999999999999,0.9880848178698163,0.9742378805407879,0.9908503316925094,0.9877749368880676,0.9576697729773833,0.986604968185858,0.9870960818512731,0.9580653559818674,0.9679800610736344,0.9939968286888221
Kasham Ho Kasham,0.9832532016830544,0.9826888483469627,0.9879469449386055,0.9844976674353374,0.9764963926151226,0.9889424481033395,0.99309892459974,0.9864452215436622,0.9823410768019416,0.9868309295355018,0.9875208251642823,0.9862929587884339,0.9936323197029091,0.9907494590249222,0.9938101292718693,0.9849419983685156,0.9854447706534072,0.9767324807438211,0.9795410137066978,0.9851674697976875,0.9714868013557083,0.933346974114703,0.9892286855043853,0.9799934585677236,0.9881580808222535,0.9912525592666754,0.9806520001514636,0.9889211247730861,0.9862645410758764,0.9897098793947818,0.9798287316321145,0.9820097934896053,0.97104396391422,0.9377804517621111,0.9395851771394438,0.9594943553143367,0.9583376202292417,0.9677302352743368,0.9629059327012419,0.9694320847411896,0.9909736562344061,0.9735586278923176,0.9860624288320307,0.9694903005179573,0.9739187480398706,0.980194448192687,0.9675523243355884,0.9863378946787995,0.9638800079012214,0.9724932832445244,0.9416473872431274,0.9723038749825468,0.9825703589328424,0.9476577086304296,0.9763679892231512,0.9553874583697001,0.9720572316057058,0.964299602183907,0.9874139678279643,0.9878114302763351,0.9927752092513725,0.9785951485340353,0.977271208484782,0.9777022019870663,0.9710178731424797,0.9791537642768865,0.979506892554651,0.9807403545538861,0.9784677955223589,0.9949040331316692,0.9951659342759492,0.9737913136945519,0.9856710752082984,0.9857739251775146,0.9900340220894304,0.9902056922602278,0.9905305027230684,0.9864234278115972,0.9827660654360157,0.9986072157169799,0.9907273151846484,0.9953109339001681,0.9849134832984364,0.962959961924292,0.9816274672178104,0.9825023913731498,0.9547169149292132,0.986836883293955,0.9967631222752835,0.9861675576633557,0.9970266226079942,0.9866302380243885,0.9795240826031681,0.9794175631793421,0.9880848178698163,1.0000000000000002,0.9735169417436349,0.9846171058135973,0.9963816699432113,0.9757940197393166,0.9930252225024743,0.9875178407739003,0.973917316187185,0.9799441034739577,0.9903249189894423
Pheri Tyo Din,0.9571129609709649,0.9635564801568891,0.964352546883751,0.9763670473760307,0.9620242727252234,0.9744426152689357,0.9710718371249296,0.9619328558474375,0.982568106722202,0.9707997012718274,0.9571938336588807,0.9709400721218664,0.9818074298353701,0.969040882949003,0.9802252171746006,0.9530637571793813,0.9660034300996114,0.9515679985684654,0.961464838814154,0.9536655105558319,0.9783308532297927,0.907491470362173,0.9503362482312337,0.9380486395512495,0.9396004758114674,0.9640023158527334,0.9331079080404525,0.94957816028475,0.941792553727433,0.9567957532050694,0.9188067953170233,0.9389860314394642,0.9264392682223224,0.8584334561546647,0.9397821786110968,0.9107132184715875,0.9079407063701594,0.9258497085950226,0.9209190273970573,0.9549217554457603,0.9571528587997297,0.9305260717256606,0.9574207082941688,0.9174483929983727,0.9181454064412666,0.939745284976048,0.9341090560492028,0.9621113028124277,0.9252171809081021,0.9393536420605797,0.8755741466868926,0.9240736688337263,0.9624359712745634,0.8935420566201051,0.9334100584223181,0.8938378607906947,0.9347067250536477,0.9214765461624899,0.9594732709416002,0.9565970357062394,0.9612511484953552,0.9475865230822846,0.9360139519929191,0.9454903105267335,0.9296162365531463,0.9310640059292041,0.9292132642737773,0.92772455564376,0.932733465472157,0.9808495777505833,0.9761526951374907,0.9576835243529305,0.9675173817411807,0.9525472978396479,0.9596248482014765,0.9795396420292997,0.96418706619941,0.9654164840773704,0.9901241680757137,0.9698315795023378,0.9521058969072053,0.9707149094252564,0.934715994877156,0.8961862354158756,0.9558610399349156,0.9583149834733451,0.8981686259023138,0.9464051156272127,0.9728571284274542,0.9637955211998781,0.9735980470422377,0.9578854331592206,0.9642991118410179,0.981653772929384,0.9742378805407879,0.9735169417436349,0.9999999999999994,0.9839876934800611,0.9725039696896813,0.9186129746596722,0.9531868904432741,0.9425633556299546,0.9067903643674978,0.9633977361201954,0.9802571514581895
Runna Bhanthe,0.9872038886486983,0.9905466979361648,0.970276669215671,0.993477526332245,0.9855937920182094,0.988762065064389,0.9850704986655177,0.9832458734688364,0.98569384004998,0.9822756150633685,0.9843599701318789,0.9909901977562551,0.9894287011772568,0.9879051055462096,0.9942018940510179,0.9769051080214243,0.985574897900312,0.9694130226841073,0.9638305491740714,0.9613348320576749,0.9745610067007479,0.9585186182543769,0.9635283434026316,0.9629653499792843,0.9604767343589633,0.9747634661813159,0.9476519707148409,0.9654493403462647,0.9583428828742687,0.979255992969149,0.9496001922309214,0.9693927627321858,0.9445175638653779,0.9189888366197302,0.9689344922681287,0.957704862547631,0.9595430069527171,0.9681318838160333,0.9633128821915371,0.9847952967284994,0.9804087992165267,0.96757288888673,0.9730319394159455,0.948723184657628,0.9473961457125037,0.9633866138256105,0.950773181959267,0.9875271296202217,0.9603501528029023,0.9515815319594187,0.8920039156678128,0.9605080686121661,0.9718330516232473,0.9462505205888379,0.9572278741016134,0.9107815595012825,0.9617813499986271,0.9473857116229247,0.9635597070860745,0.9770008838165899,0.9801678477185142,0.9525734664078341,0.9514355695769904,0.971121886136367,0.961040116554795,0.9528850572518989,0.9487185872767542,0.9539851442218256,0.9609278331066982,0.9883545063955627,0.988460926606375,0.9613634619556044,0.9756377789457085,0.9834879863473306,0.9833581880351729,0.9902776956473088,0.9772512486439702,0.96613326260444,0.9771638041536663,0.9821671061645237,0.9671722145016589,0.9790799721809444,0.9679725735719573,0.9474041091125079,0.972204427838568,0.9829149428795604,0.9069843336813624,0.9634864904521168,0.9850064166391375,0.9875597667922045,0.9848020095363935,0.9736557248321366,0.9622907821064586,0.9960293065706942,0.9908503316925094,0.9846171058135973,0.9839876934800611,1.0,0.9905831707035472,0.9485699421055753,0.9735631962067244,0.974266993286113,0.9330769544699978,0.9726546974976114,0.9965634888527234
Timi Royeko Pal,0.9879491829293934,0.9877991177123853,0.9808313761545733,0.9902380692441456,0.9801794840371986,0.9913315113617559,0.9896800103789902,0.9870610874406274,0.984831180738131,0.9885936305138957,0.9912124479436614,0.9908006134992043,0.9930237659910573,0.993221772267672,0.9967214127195255,0.9866908547531964,0.9910582400031748,0.982476345644132,0.979047568398177,0.9816509751212052,0.9764535677436288,0.9451823901133877,0.9795859420027448,0.9755222848018213,0.9803047612594141,0.9828741753487271,0.9674434497011539,0.9798448154354082,0.9755373792206312,0.9892915125473813,0.9743377478745864,0.9804532017136419,0.9626707701077242,0.9405112461490783,0.9559900877551826,0.9631893447337566,0.9651705891868967,0.9735545572817877,0.9703800806826489,0.9746117457612761,0.9901013375632007,0.978620539763893,0.9864346538691589,0.9660308542930307,0.9693160477271734,0.9748544047573439,0.9629091028606771,0.9888716176948092,0.9637081320368716,0.9694875473917345,0.9290820224120138,0.9767217054496379,0.9846332472014032,0.9512150295271274,0.9756425739344317,0.9468977009891171,0.9738465674872995,0.9650745978914476,0.9769346719399282,0.9846671778574159,0.9867228949058637,0.9656809056521989,0.9698546702302041,0.981593042660819,0.9747514800042191,0.9756829564637232,0.9735862306290284,0.9764747395745674,0.9790378274876279,0.9935780835527273,0.99403816570318,0.964840735616759,0.9799325242500492,0.9863357722052866,0.988996857136309,0.9921431856982997,0.9896017432319498,0.9811802243839475,0.9796749046872408,0.9961408189776428,0.9848009579034722,0.9905962951694649,0.9838772108003717,0.9663885715330999,0.9784807296666688,0.9859563210899139,0.9406699619135335,0.9818154019210263,0.9937894726094016,0.9868712782295895,0.994819003840645,0.9824323982644001,0.970758631067369,0.9865135760132062,0.9877749368880676,0.9963816699432113,0.9725039696896813,0.9905831707035472,0.9999999999999999,0.9733820015871316,0.9869946214444497,0.9858876635332146,0.9617356502510682,0.9770534770880746,0.9925176444614069
Chumera Sugandhi Phool,0.9706863840728116,0.9660651646573376,0.97388407539733,0.9617400233755563,0.9514365401111876,0.9658425388727413,0.9748866450283913,0.966450459768914,0.961428763522799,0.9678999106471737,0.9855731377161203,0.9750334091079175,0.9681286896681134,0.966953230311039,0.965828486688446,0.9885960207636292,0.9756107175544179,0.9716474277376762,0.9672833311711981,0.9846867317911728,0.9375493180671578,0.9425646734356885,0.9849020196433119,0.9914247845243296,0.9913219337486967,0.9703603518193012,0.9847199223017427,0.9802716583908233,0.9790323407171924,0.9811026533137285,0.9882937341311925,0.9815878175936965,0.9802798544752753,0.9647769656405852,0.9370610453537926,0.9813824852289468,0.9656242574131344,0.9821003145082492,0.9816564868834646,0.9491333392112251,0.9836134090112298,0.9727261178385266,0.9854873284923117,0.9951360486958957,0.9955543765737449,0.9905473873693224,0.9838066937294933,0.9787199263849093,0.9753366514810088,0.9851971912225267,0.9787909439182686,0.9924484947999085,0.98005004533815,0.9696162311198289,0.9946663429419728,0.9844573315385632,0.9887026895711764,0.9858678320190469,0.9659679641110164,0.9784232676695835,0.9717266714392176,0.9669587683791833,0.9846228701597286,0.9831576759214926,0.9850368008379006,0.9937079981392396,0.9927553243414569,0.9956921446170809,0.9918157268044427,0.9704165045341435,0.9751854005108352,0.9577794334223194,0.95879965383972,0.9721253192445941,0.9761013571667664,0.9717302927087872,0.97819340146918,0.9729890129123774,0.9311531237301708,0.9755265712559366,0.9893611321449156,0.9835236520506071,0.9860449715012592,0.984833362936005,0.9806928248686457,0.9572468385004856,0.978152296410773,0.9873204667507384,0.9797205338410145,0.9725400601840838,0.9754808902888621,0.9825162243314299,0.9655562450043468,0.9430807032027076,0.9576697729773833,0.9757940197393166,0.9186129746596722,0.9485699421055753,0.9733820015871316,1.0,0.9827856686498684,0.9784924565175606,0.9826692895510213,0.9741193775932228,0.9528498363645227
Je Chhau Timi,0.9837454929294602,0.9814294988880433,0.9823071242390934,0.9730987891487921,0.972944577668738,0.9764431240046353,0.990134908004646,0.9859873036637736,0.9670206196973566,0.978035130078088,0.9852882301835494,0.9802552335377874,0.9866596326017235,0.9873043648282194,0.9865390286591672,0.985998868601443,0.9752211123864208,0.9625278438215346,0.9708238146051668,0.9823537881252965,0.9520619399610358,0.9452825596242441,0.9946916846487246,0.9891970823290638,0.9952782850950019,0.9950333809792746,0.9907553114897364,0.9981472659893703,0.995073932965792,0.9899797334292275,0.98474177963991,0.9906309775944184,0.9820022861859873,0.9569853756560757,0.9271386017069223,0.9716319161949158,0.9691668630474843,0.9788648935900205,0.962658185767451,0.9699052289647055,0.9922982983374853,0.9714170182219032,0.9781516507532055,0.9790414762707323,0.985905474444102,0.9902029391773067,0.9782962361872908,0.9877175141134007,0.979229126686766,0.9719571548641621,0.9566060997511117,0.9742878550456495,0.9742255028505277,0.965188586724869,0.9805603033709632,0.9632450338130525,0.9735513282731116,0.9642329583869232,0.993211648001511,0.9941469425287895,0.9962411594215371,0.9906788844460274,0.9903300851110929,0.9747046148990922,0.9649650318180162,0.9769126690446518,0.9804504197094921,0.9841929164773197,0.9750131637678501,0.9900120454602069,0.9900136602088236,0.9805858141953453,0.9891206431920456,0.9894369523933472,0.9926630315127921,0.9796322898332744,0.9806131259240324,0.9771665518760607,0.9653546745880278,0.9895960785233746,0.9884516091283205,0.9898722722397675,0.990207592854465,0.9739509413883143,0.9883850014586651,0.9785225796042344,0.9702961081524483,0.9913029501359807,0.9942109917457382,0.9908371320167668,0.9945934055607443,0.993568772662129,0.9840052570207812,0.9711541206255098,0.986604968185858,0.9930252225024743,0.9531868904432741,0.9735631962067244,0.9869946214444497,0.9827856686498684,1.0,0.9944537763017545,0.989637389982768,0.9794480513543043,0.982153046667708
Kasari Bhanu,0.9921145372524485,0.9885287912039802,0.9758908641447667,0.9735826738409056,0.9837409734247171,0.9761710067690859,0.9865949739745932,0.9862359178370061,0.9594577099892969,0.9664875210975792,0.98376030830826,0.9752494311059179,0.9795086011452426,0.9832461926295887,0.9817693282222819,0.9794907226176461,0.9720114210522061,0.9533097181445772,0.9517128948585822,0.9672253048137592,0.9347791184656071,0.9569614718093804,0.9871483274880997,0.981609488990046,0.9885057579092179,0.9897082696067346,0.9818150649263137,0.9894839254785789,0.989869608484469,0.9852357691505721,0.9858783423434199,0.996332187741313,0.9726372079211569,0.9737457019424076,0.9300227180660489,0.9782710970082042,0.9846353699992937,0.9859342363097755,0.9697242831109318,0.980609105875701,0.9897677286551237,0.9789359061107562,0.9703486310454577,0.9743397069181898,0.9781667108942081,0.9817529659946322,0.9653576278877336,0.9886532432783521,0.980518790175515,0.9586502309174433,0.939741678991534,0.9783977860663206,0.9631476393696449,0.9777591456845222,0.9763982097915139,0.9485611541094954,0.9685344558250569,0.9573937237940964,0.9818929376380197,0.9867125302699379,0.9924223695813756,0.9780421007261709,0.9810013378288053,0.9705358814577671,0.9670346926938348,0.9718685757808422,0.9715704042713548,0.979078251178925,0.9731035087791896,0.9820322370911566,0.9875837220641287,0.9609477366984399,0.9762939602973331,0.9949831522421979,0.9946121689324848,0.9740495858934479,0.9746646230438255,0.9630740945126481,0.9521551252857288,0.9867094544925508,0.9840507665823415,0.9826260165051302,0.9934678404261525,0.9858274715680863,0.9783521980797126,0.9832237947058065,0.9499007199186312,0.9792073249143656,0.9906813996987536,0.9898710808303495,0.9877041149379242,0.9820604115418569,0.9642755765097277,0.9693378841839037,0.9870960818512731,0.9875178407739003,0.9425633556299546,0.974266993286113,0.9858876635332146,0.9784924565175606,0.9944537763017545,1.0000000000000002,0.9834694599426707,0.9659844755558499,0.9841180821524449
Timro Aankha,0.9583956617365306,0.9517997183612208,0.9674124526068898,0.9390254927652845,0.9424069052034824,0.9484342056186662,0.9692327332129775,0.9627347478345333,0.9332877876698344,0.9521427289590535,0.9642804092850306,0.9503608019589038,0.9603177095884209,0.9619486348737549,0.9555756330582423,0.967529391188174,0.9460344152187794,0.9384715734321636,0.9481355081073142,0.9697712615114098,0.9120576100078087,0.9139181748816787,0.9880893076825666,0.9798274267145439,0.9929358090954131,0.9801979301956144,0.9916623272629408,0.9905211734235744,0.9921130936778041,0.9742224107746124,0.9873527375116332,0.979995515232843,0.9818338266654001,0.9618951768430016,0.8834108761919576,0.9592971912597364,0.9537255766950277,0.963262146206256,0.9461553439274829,0.9368419197208834,0.9775406473299767,0.9571283232863043,0.9611490588428586,0.977706359973784,0.9865607258554485,0.9818463421535383,0.9672389133653337,0.963683481406665,0.9662392662650335,0.9627213646382153,0.974415989342238,0.9650760244015657,0.9527663487075825,0.9546276628584098,0.9729662063168744,0.9752001024561769,0.961295203993391,0.9569575824875239,0.9823147024248762,0.9783315166171653,0.9804255032325222,0.9844209360107711,0.9855527633719329,0.9572778895167415,0.9517891916403207,0.9733707716721609,0.9799019460402242,0.9825733296691141,0.9657872265644274,0.9639230360825702,0.9658705827321498,0.9611544192368919,0.9681122223143034,0.9698353229120388,0.9744173256098733,0.9503886311931468,0.962607728695461,0.961670926055221,0.9311856581331415,0.9720632210703464,0.9807567110110589,0.9730996662811459,0.9824594045753258,0.9726035452667988,0.969933584023174,0.9533664867050627,0.9824422555755107,0.9833799891696184,0.975337274439725,0.9663366579877071,0.9738229554895125,0.9776027707057218,0.9656493744863361,0.9288733184204429,0.9580653559818674,0.973917316187185,0.9067903643674978,0.9330769544699978,0.9617356502510682,0.9826692895510213,0.989637389982768,0.9834694599426707,1.0,0.9582129945658323,0.9488654238692862
Bhanchhan Lognemanchhe,0.96770302265408,0.9699080160909357,0.9769109436880647,0.9793295872321021,0.9553487325747633,0.9740117494650381,0.9787432310713882,0.9612462713943564,0.9878361692533724,0.9902461836911238,0.9888376798118133,0.988593527985784,0.9854339430487974,0.9747925818576614,0.9794825769461882,0.9903415254531619,0.9800004128938504,0.9794208578308258,0.9831259487410954,0.9873894859311259,0.9747908720447488,0.9424901133462087,0.9826240279043382,0.9884909575282393,0.9816383862771136,0.9785148638210817,0.9747791999895825,0.9811062722890866,0.9748568545495622,0.9828963103458124,0.9544826298153217,0.9701209965503347,0.9799972853606637,0.9068592098979124,0.9625579736767707,0.9621918938776411,0.9344659957085293,0.9695514449729997,0.9687887998866236,0.9506096145236803,0.9866527612373452,0.9677908515393472,0.9863142264529574,0.9795748660758058,0.9796137216624096,0.9880939295737006,0.9855155223232852,0.9796003017632254,0.9779137512982867,0.9895770086382809,0.9577846522656149,0.9704768866581566,0.9922035038534064,0.9404599081540591,0.9836548685273326,0.9631040693843641,0.9873220852746638,0.9840493470923618,0.9720944189428059,0.9867974321309886,0.9745074486268815,0.9749465798874096,0.9798850199795128,0.9891471484474644,0.965622725667894,0.9737724098297089,0.9742571266635238,0.9746177048263422,0.9715279518136773,0.9887176222474605,0.9804303041673519,0.9895645040667485,0.9840545177822464,0.9658202094268429,0.972035188948064,0.9819271221881266,0.9839940538999858,0.9875089679279581,0.9672587126601628,0.9741299613003739,0.9826654633746671,0.9896699311914499,0.9616344299489951,0.9475499983234094,0.9862576970472685,0.9510688596648122,0.9613384121626865,0.9895346255781795,0.9837446722906993,0.9772150434684675,0.9796337482307349,0.9889211571939717,0.9888744828170885,0.9702660659038513,0.9679800610736344,0.9799441034739577,0.9633977361201954,0.9726546974976114,0.9770534770880746,0.9741193775932228,0.9794480513543043,0.9659844755558499,0.9582129945658323,1.0000000000000002,0.9705870887029603
Jaba Sandhya Hunchha,0.9895473546554797,0.9912931429554568,0.9713896887410762,0.9891537303567582,0.9866465367216507,0.9873823365420552,0.9874285703330729,0.9879760175544036,0.9788319644537352,0.9798135823799939,0.9834737648233719,0.9859028456337138,0.9900617592508026,0.9910288651638995,0.9947160234079333,0.9768105598846711,0.9829366492992292,0.9651716147315219,0.9623571224640513,0.9635396827490158,0.9672859446142397,0.9515214065683505,0.9722486155635289,0.9659611089772012,0.9686007779000492,0.9825772761990476,0.958239864561181,0.9742876743325305,0.9701276615265569,0.9822350506231666,0.9596464541759752,0.9767461290027871,0.9489507798530495,0.9295191394522815,0.9523348523004209,0.9568109879649697,0.9642142912550128,0.9683971315854969,0.9595673520708844,0.9838684828376666,0.9841238410175169,0.9672028682089616,0.9720572221171603,0.9511834820806396,0.9537830565690795,0.9677516286460166,0.949036503787314,0.9872694358381511,0.9627356791152055,0.948579048422381,0.9003454862617374,0.9600408413984013,0.968384861899196,0.9503897489701835,0.957185142487034,0.9157496890081073,0.957502488685047,0.9444471744431274,0.9733325561791092,0.9820565862829008,0.9873729110633485,0.9634512532726323,0.9603213101314062,0.968002343664478,0.9600640053578193,0.9569083318047781,0.9539454000162321,0.9598550574910323,0.9628710826697292,0.9914064516155133,0.9905429187322687,0.9653415480556262,0.9805359704966725,0.9870837055073841,0.9866927881826724,0.9866274058345946,0.9767998590025312,0.9668651088855733,0.979144022617861,0.9881142349850162,0.972557862316522,0.9819946504208592,0.9756221265602738,0.9553663362570326,0.9738186335998867,0.9866113151487073,0.9173201319759932,0.9697634734725744,0.9888778648603521,0.989866373244502,0.9887706839410322,0.976640683425156,0.9652015414087737,0.9927950683510488,0.9939968286888221,0.9903249189894423,0.9802571514581895,0.9965634888527234,0.9925176444614069,0.9528498363645227,0.982153046667708,0.9841180821524449,0.9488654238692862,0.9705870887029603,1.0
